TRK_VERSION,0.5
Images,ExpID2976_P3_TL01.png,,ExpID2976_P3_TL02.png,,ExpID2976_P3_TL03.png,,ExpID2976_P3_TL04.png,,ExpID2976_P3_TL05.png,,ExpID2976_P3_TL06_grey_adj.png,,ExpID2976_P3_TL07_grey_adj.png,
XY Shift,0.0,0.0,-16.2442308519,81.2023528182,-177.523091039,-137.730714462,-5.7387770062,70.5257598072,-198.836588962,4.9734699525,-40.9642913215,-53.3633627633,-55.2541356443,-128.909776044
Angle Shift-Time,0.0,0.0,2.49510258867,22.0,1.63480108304,47.0,1.36118181871,71.0,0.547788484933,96.0,2.3502140992,122.0,5.41875003169,143.0
Scaling,1.4e-07,1.4e-07,2.2e-07,2.2e-07,2.8e-07,2.8e-07,4.7e-07,4.7e-07,5.8e-07,5.8e-07,6.7e-07,6.7e-07,7.7e-07,7.7e-07
Point 0,7.504e-05,0.00010962,0.00011792,0.00017226,0.00015008,0.00021924,0.00025192,0.00036801,0.00031144,0.00045456,0.00035912,0.00052461,0.00035912,0.00052461
Point 1,7.364e-05,4.494e-05,0.000115873707553,7.77212889488e-05,0.00014657641045,5.73741627759e-05,0.000246312504104,0.000108943689589,0.000303305359055,0.000104191588353,0.000348960011497,5.52185311453e-05,0.000348960011497,5.52185311453e-05
Point 2,7.812e-05,0.0001148,0.0001211,0.0001799,0.00015554,0.00023128,0.000259,0.00038794,0.00031752,0.00048538,0.00036316,0.00056826,0.00036316,0.00056826
Point 3,8.428e-05,0.00011466,0.00012698,0.0001792,0.00016618,0.00023114,0.00027496,0.00038738,0.00033516,0.00048482,0.00038192,0.00056798,0.00038192,0.00056798
Point 4,8.47e-05,0.0001127,0.00012782,0.00017654,0.00016814,0.0002268,0.00027832,0.00037842,0.00033824,0.0004711,0.00038528,0.00054866,0.00038528,0.00054866
Point 5,8.211e-05,9.87e-05,0.00012782,0.0001582,0.00016856,0.00019502,0.00027748,0.00032354,0.0003388,0.00039102,0.00039368,0.00043806,0.00039368,0.00043806
Point 6,7.448e-05,9.891e-05,0.00011858,0.00015778,0.00015232,0.00019292,0.00025578,0.00032088,0.00031486,0.00038612,0.00036862,0.00042924,0.00036862,0.00042924
Point 7,7.427e-05,8.869e-05,0.00011767,0.00014294,0.00015127,0.00016604,0.00025697,0.00027272,0.00031661,0.00032368,0.00037261,0.00033572,0.00037261,0.00033572
Point 8,7.658e-05,8.68e-05,0.00012096,0.00013986,0.0001575,0.0001617,0.00026516,0.00026488,0.0003262,0.00031136,0.0003836,0.00031948,0.0003836,0.00031948
Point 9,8.463e-05,8.841e-05,0.00013153,0.00014287,0.00017437,0.00016653,0.00028539,0.00027237,0.00035007,0.00032221,0.00041027,0.00033761,0.00041027,0.00033761
Point 10,8.505e-05,9.24e-05,0.00013181,0.0001491,0.00017437,0.00017724,0.00028623,0.0002926,0.00035203,0.00035028,0.00041083,0.00037632,0.00041083,0.00037632
Point 11,7.826e-05,8.092e-05,0.00012264,0.00013076,0.00016114,0.00014532,0.00026908,0.00023702,0.00033124,0.00027762,0.00039312,0.00027202,0.00039312,0.00027202
Point 12,8.281e-05,7.959e-05,0.0001309,0.00012859,0.00017346,0.00014203,0.00028518,0.00022981,0.00035098,0.00026649,0.00041622,0.00025837,0.00041622,0.00025837
Point 13,8.519e-05,8.379e-05,0.00013363,0.0001351,0.00017787,0.00015288,0.00029155,0.0002478,0.00035959,0.00029036,0.00042455,0.0002898,0.00042455,0.0002898
Point 14,6.944e-05,8.603e-05,0.00011081,0.00013839,0.00014119,0.00015659,0.00024185,0.00025655,0.00029785,0.00030163,0.00034685,0.00030443,0.00034685,0.00030443
Point 15,7.028e-05,7.714e-05,0.00011256,0.00012537,0.00014476,0.00013461,0.00024696,0.00021889,0.00030464,0.00025053,0.00036064,0.00023765,0.00036064,0.00023765
Point 16,7.084e-05,7.084e-05,0.00011158,0.00011627,0.00014294,0.00011977,0.00024514,0.00019481,0.00030114,0.00021721,0.00035602,0.00019201,0.00035602,0.00019201
Point 17,7.574e-05,6.979e-05,0.00011865,0.00011452,0.00015463,0.00011746,0.00025893,0.00019068,0.00031829,0.0002114,0.00037793,0.00018424,0.00037793,0.00018424
Point 18,8.295e-05,6.937e-05,0.00013076,0.00011361,0.0001736,0.00011585,0.00028504,0.00018865,0.00035252,0.00020909,0.0004186,0.00017857,0.0004186,0.00017857
Point 19,8.442e-05,7.266e-05,0.00013314,0.000119,0.00017766,0.00012502,0.00029036,0.00020286,0.00035896,0.00022918,0.00042644,0.00020398,0.00042644,0.00020398
Point 20,6.916e-05,8.008e-05,0.0001106,0.00012908,0.00014056,0.00014182,0.0002408,0.00023156,0.00029596,0.00026768,0.00034552,0.00025984,0.00034552,0.00025984
Point 21,8.834e-05,7.203e-05,0.00013797,0.00011851,0.00018683,0.00012509,0.00030387,0.00020195,0.00037639,0.00022631,0.00044695,0.00019971,0.00044695,0.00019971
Point 22,9.163e-05,7.875e-05,0.00014252,0.00012768,0.00019278,0.00014028,0.00031052,0.00022666,0.00038416,0.00026054,0.0004564,0.00024626,0.0004564,0.00024626
Point 23,9.058e-05,9.352e-05,0.00013685,0.00014987,0.00018235,0.00017955,0.00029729,0.00029589,0.00036449,0.00035413,0.00042469,0.00038241,0.00042469,0.00038241
Point 24,9.156e-05,9.59e-05,0.00013769,0.00015337,0.00018347,0.00018753,0.00029813,0.00031017,0.00036533,0.00037513,0.00042497,0.00041097,0.00042497,0.00041097
Point 25,9.023e-05,0.0001085,0.00013552,0.00017059,0.00017962,0.00021917,0.00029246,0.00036743,0.00035658,0.00045591,0.0004067,0.00052927,0.0004067,0.00052927
Point 26,7.77e-05,5.558e-05,0.00012201,9.443e-05,0.00015855,8.295e-05,0.00026229,0.00014259,0.00032249,0.00014679,0.00038073,0.00010339,0.00038073,0.00010339
Point 27,8.281e-05,5.537e-05,0.0001295,9.282e-05,0.00016926,8.05e-05,0.00027608,0.00014014,0.00034034,0.00014462,0.00039942,0.00010122,0.00039942,0.00010122
Point 28,8.505e-05,5.866e-05,0.00013328,9.856e-05,0.00017612,8.932e-05,0.00028448,0.00015176,0.00035168,0.00015918,0.0004144,0.0001169,0.0004144,0.0001169
Point 29,8.393e-05,6.699e-05,0.00013223,0.00010983,0.00017605,0.00010857,0.00028665,0.00017773,0.00035441,0.00019439,0.00042077,0.00016107,0.00042077,0.00016107
Point 30,6.972e-05,6.93e-05,0.00010934,0.00011396,0.00013818,0.00011578,0.00023828,0.00018914,0.00029274,0.00020748,0.00034594,0.00017892,0.00034594,0.00017892
Point 31,6.839e-05,6.251e-05,0.00010787,0.00010353,0.00013601,9.821e-05,0.00023429,0.00016261,0.00028665,0.00017199,0.00033509,0.00013363,0.00033509,0.00013363
Point 32,7.007e-05,5.6e-05,0.0001106,9.401e-05,0.00014224,8.211e-05,0.0002436,0.00014021,0.00029806,0.00014385,0.00035098,0.00010045,0.00035098,0.00010045
Point 33,7.343e-05,5.257e-05,0.00011613,8.967e-05,0.00014917,7.427e-05,0.00025109,0.00013111,0.00030723,0.00013069,0.00036071,8.561e-05,0.00036071,8.561e-05
Point 34,8.225e-05,4.389e-05,0.00012803,7.539e-05,0.00016247,5.383e-05,0.00026747,0.00010493,0.00032781,0.00010087,0.00037709,4.977e-05,0.00037709,4.977e-05
Point 35,7.343e-05,5.11e-05,0.00011662,8.701e-05,0.00014987,6.993e-05,0.00025165,0.00012551,0.00030765,0.00012383,0.00036113,7.819e-05,0.00036113,7.819e-05
Point 36,8.288e-05,4.879e-05,0.00012908,8.379e-05,0.00016667,6.622e-05,0.00027167,0.00012082,0.00033285,0.00011942,0.00038759,7.126e-05,0.00038759,7.126e-05
Point 37,7.287e-05,4.914e-05,0.00011459,8.344e-05,0.00014574,6.524e-05,0.00024654,0.00011858,0.00030016,0.00011634,0.0003479,6.902e-05,0.0003479,6.902e-05
Point 38,8.358e-05,4.641e-05,0.00012999,7.91e-05,0.00016786,5.866e-05,0.000273,0.00011116,0.00033628,0.00010752,0.00038822,5.796e-05,0.00038822,5.796e-05
Point 39,7.154e-05,0.00011158,0.00011109,0.0001757,0.00014245,0.00022547,0.00024213,0.00037751,0.00029925,0.00046725,0.00034433,0.00054145,0.00034433,0.00054145
Point 40,7.007e-05,0.0001218,0.00011039,0.00018942,0.00014287,0.00025739,0.00024311,0.00043589,0.00030191,0.00055839,0.00034223,0.00067963,0.00034223,0.00067963
Point 41,7.819e-05,0.00012285,0.00011991,0.00019159,0.00015589,0.00025914,0.00026061,0.00043876,0.00032165,0.00056266,0.00036113,0.00069034,0.00036113,0.00069034
Point 42,7.343e-05,9.702e-05,0.00011641,0.00015442,0.00014903,0.00018501,0.00025193,0.00030555,0.00031101,0.00036533,0.00036393,0.00039921,0.00036393,0.00039921
Point 43,6.839e-05,9.954e-05,0.00010836,0.00015897,0.00013734,0.0001932,0.0002359,0.0003199,0.00029162,0.00038752,0.00034062,0.00042952,0.00034062,0.00042952
Point 44,6.559e-05,5.187e-05,0.00010507,8.757e-05,0.00013405,7.189e-05,0.00023317,0.00012761,0.00028483,0.00012705,0.00033215,8.225e-05,0.00033215,8.225e-05
Point 45,6.37e-05,5.166e-05,0.00010157,8.68e-05,0.00012789,7.084e-05,0.00022491,0.00012628,0.00027657,0.00012572,0.00031829,7.868e-05,0.00031829,7.868e-05
Point 46,6.524e-05,4.648e-05,0.00010409,7.819e-05,0.00013153,5.971e-05,0.00022953,0.00011263,0.00028287,0.00010983,0.00032375,6.111e-05,0.00032375,6.111e-05
Point 47,6.216e-05,6.097e-05,9.87e-05,0.00010059,0.00012222,9.233e-05,0.00021868,0.00015365,0.00026796,0.00015967,0.00030912,0.00011795,0.00030912,0.00011795
Point 48,8.897e-05,5.957e-05,0.00013958,9.821e-05,0.00018543,8.862e-05,0.00029799,0.00014952,0.00036939,0.00015764,0.00043267,0.00011424,0.00043267,0.00011424
Point 49,9.184e-05,6.412e-05,0.00014238,0.00010605,0.00019173,0.00010164,0.00030681,0.00016688,0.00038017,0.00017892,0.00044681,0.0001386,0.00044681,0.0001386
Point 50,9.527e-05,6.762e-05,0.00014777,0.00010997,0.00020055,0.00010899,0.00032053,0.00017731,0.00040033,0.00019355,0.00047201,0.00015407,0.00047201,0.00015407
Point 51,9.506e-05,7.042e-05,0.00014651,0.0001155,0.00019943,0.00011816,0.00032011,0.00019096,0.00039739,0.00021224,0.00046879,0.00017836,0.00046879,0.00017836
Point 52,9.562e-05,7.749e-05,0.00014798,0.00012691,0.00020195,0.0001393,0.00032431,0.00022568,0.00040215,0.000259,0.00047831,0.00024192,0.00047831,0.00024192
Point 53,8.974e-05,4.816e-05,0.00013951,7.98e-05,0.00017962,5.845e-05,0.00028882,0.00011039,0.00035546,0.00010857,0.00040726,5.705e-05,0.00040726,5.705e-05
Point 54,9.331e-05,5.124e-05,0.00014441,8.47e-05,0.00018837,6.601e-05,0.00029939,0.00011963,0.00037023,0.00011963,0.00042651,6.895e-05,0.00042651,6.895e-05
Point 55,9.156e-05,5.663e-05,0.00014273,9.436e-05,0.00018907,8.19e-05,0.00030191,0.0001393,0.00037471,0.00014378,0.00043715,9.618e-05,0.00043715,9.618e-05
Point 56,6.202e-05,7.133e-05,9.786e-05,0.00011669,0.00011725,0.00011984,0.00020881,0.00019516,0.00025417,0.00021462,0.00028945,0.0001897,0.00028945,0.0001897
Point 57,6.286e-05,7.91e-05,9.996e-05,0.00012908,0.00012089,0.00014133,0.00021315,0.00022967,0.00026033,0.00026621,0.00029337,0.00025865,0.00029337,0.00025865
Point 58,6.188e-05,8.624e-05,0.00010059,0.00013895,0.00012215,0.00016009,0.00021315,0.00026257,0.00026299,0.00031017,0.00029211,0.00031241,0.00029211,0.00031241
Point 59,6.762e-05,8.834e-05,0.00010689,0.00014175,0.00013503,0.00016415,0.00023373,0.00027069,0.00028749,0.00032151,0.00033117,0.00033019,0.00033117,0.00033019
Point 60,8.89e-05,0.00011228,0.00013398,0.00017696,0.00017556,0.00022925,0.00028616,0.00038157,0.00034818,0.00047537,0.00039662,0.00055629,0.00039662,0.00055629
Point 61,6.846e-05,0.00010934,0.00010794,0.00017276,0.00013692,0.00022015,0.00023464,0.00036939,0.00029022,0.00045675,0.00033502,0.00052815,0.00033502,0.00052815
Point 62,,,0.00013097,8.743e-05,0.00017017,7.063e-05,0.00027601,0.00012621,0.00034027,0.00012621,0.00039767,7.917e-05,0.00039767,7.917e-05
Point 63,,,0.00014182,8.918e-05,0.0001855,7.434e-05,0.00029624,0.00013076,0.00036666,0.00013454,0.0004263,8.638e-05,0.0004263,8.638e-05
Point 64,,,0.00011018,0.00010108,0.00014154,9.352e-05,0.00024192,0.0001561,0.00029652,0.00016436,0.00035,0.00012516,0.00035,0.00012516
Point 65,,,0.00011865,0.00010248,0.00015575,9.59e-05,0.00026033,0.00015974,0.00031969,0.00017024,0.00037821,0.00013244,0.00037821,0.00013244
Point 66,,,0.00011984,0.0001043,0.0001575,9.926e-05,0.00026278,0.0001652,0.00032354,0.00017752,0.0003843,0.00014168,0.0003843,0.00014168
Point 67,,,0.00013013,0.00010444,0.00017283,9.912e-05,0.00028175,0.0001645,0.00034853,0.00017752,0.00041041,0.00014028,0.00041041,0.00014028
Point 68,,,0.00012257,0.00011592,0.00016072,0.00011998,0.00026684,0.00019432,0.00032844,0.00021742,0.00039144,0.00019166,0.00039144,0.00019166
Point 69,,,0.00011928,0.00012656,0.00015603,0.00013713,0.00026075,0.00022309,0.00032053,0.00025711,0.00038129,0.00024423,0.00038129,0.00024423
Point 70,,,0.0001288,0.00016303,0.00017003,0.0002037,0.00028049,0.0003388,0.00034209,0.00041132,0.00039445,0.0004634,0.00039445,0.0004634
Point 71,,,0.00013545,0.00016303,0.00017899,0.00020384,0.00029085,0.0003388,0.00035441,0.00041104,0.00040845,0.00046536,0.00040845,0.00046536
Point 72,,,0.00010248,0.00011578,0.00012684,0.00011886,0.00022316,0.00019362,0.00027342,0.00021504,0.0003171,0.00018872,0.0003171,0.00018872
Point 73,,,0.0001043,0.00012824,0.00013041,0.00013888,0.00022743,0.00022568,0.00027993,0.00026068,0.00032081,0.00025144,0.00032081,0.00025144
Point 74,,,9.688e-05,0.00010822,0.0001169,0.00010444,0.00021112,0.0001729,0.00025816,0.00018592,0.00029596,0.00015064,0.00029596,0.00015064
Point 75,,,0.00010843,0.00010857,0.00013769,0.00010689,0.00023653,0.00017605,0.00028931,0.00018963,0.00033859,0.00015547,0.00033859,0.00015547
Point 76,,,,,0.00014238,0.00012656,0.00024472,0.00020538,0.00030128,0.0002317,0.00035672,0.00021238,0.00035672,0.00021238
Point 77,,,,,0.00015904,0.00013076,0.00026376,0.00021112,0.00032466,0.00023996,0.0003871,0.00022176,0.0003871,0.00022176
Point 78,,,,,0.00016184,0.00012838,0.0002688,0.00020874,0.00033012,0.00023646,0.00039396,0.0002163,0.00039396,0.0002163
Point 79,,,,,0.00017374,0.0001316,0.00028574,0.00021322,0.0003514,0.00024248,0.0004158,0.000224,0.0004158,0.000224
Point 80,,,,,0.00017612,0.00012236,0.00028812,0.00019796,0.0003556,0.00022106,0.00042252,0.00019334,0.00042252,0.00019334
Point 81,,,,,0.00016142,0.00012474,0.00026824,0.00020244,0.00033068,0.0002282,0.00039396,0.00020468,0.00039396,0.00020468
Point 82,,,,,0.0001351,7.945e-05,0.0002338,0.00013755,0.00028392,0.00013909,0.00033236,9.597e-05,0.00033236,9.597e-05
Point 83,,,,,0.00012817,9.338e-05,0.00022631,0.00015512,0.00027615,0.00016114,0.00032123,0.00012054,0.00032123,0.00012054
Point 84,,,,,0.00014224,8.694e-05,0.00024318,0.00014756,0.0002968,0.00015316,0.00035,0.00011228,0.00035,0.00011228
Point 85,,,,,0.00015568,8.792e-05,0.00025914,0.00014882,0.00031836,0.0001547,0.00037688,0.00011326,0.00037688,0.00011326
Point 86,,,,,0.00015596,7.686e-05,0.000259,0.00013426,0.0003178,0.00013608,0.00037408,9.156e-05,0.00037408,9.156e-05
Point 87,,,,,0.00016912,7.28e-05,0.0002751,0.0001302,0.00033796,0.00013146,0.00039536,8.61e-05,0.00039536,8.61e-05
Point 88,,,,,0.0001568,9.114e-05,0.00026152,0.00015288,0.00032172,0.00015932,0.00038052,0.00011928,0.00038052,0.00011928
Point 89,,,,,0.00017374,9.296e-05,0.00028154,0.00015596,0.00034706,0.0001652,0.00040838,0.0001246,0.00040838,0.0001246
Point 90,,,,,0.00015722,0.00010794,0.0002618,0.0001764,0.000322,0.00019152,0.00038108,0.0001582,0.00038108,0.0001582
Point 91,,,,,0.00017388,0.0001057,0.0002835,0.0001736,0.00034986,0.00018956,0.0004137,0.00015428,0.0004137,0.00015428
Point 92,,,,,0.00013874,0.00010472,0.00023828,0.00017164,0.00029148,0.0001848,0.00034328,0.00015064,0.00034328,0.00015064
Point 93,,,,,0.00015554,0.00010906,0.00025998,0.00017766,0.00031962,0.00019278,0.0003787,0.00016058,0.0003787,0.00016058
Point 94,,,,,0.00012474,0.00010724,0.00022134,0.00017626,0.0002709,0.00018998,0.00031346,0.00015694,0.00031346,0.00015694
Point 95,,,,,0.00012376,0.00011704,0.0002198,0.00019068,0.00026838,0.00021,0.00031038,0.00018312,0.00031038,0.00018312
Point 96,,,,,0.00011802,0.00012964,0.00020916,0.00021056,0.00025466,0.0002394,0.00028574,0.00022512,0.00028574,0.00022512
Point 97,,,,,0.00012908,0.00013104,0.00022484,0.00021154,0.00027524,0.00023996,0.0003164,0.00022512,0.0003164,0.00022512
Point 98,,,,,0.0001295,0.00012824,0.00022568,0.00020762,0.0002765,0.00023506,0.0003199,0.00021742,0.0003199,0.00021742
Point 99,,,,,0.00014126,0.00012894,0.00024178,0.00021014,0.00029736,0.00023758,0.00034972,0.0002205,0.00034972,0.0002205
Point 100,,,,,0.0001855,0.00010612,0.00029904,0.0001736,0.00036988,0.00018928,0.00043596,0.00015288,0.00043596,0.00015288
Point 101,,,,,0.00019082,0.00011662,0.00030646,0.00018984,0.00038066,0.00021112,0.00045066,0.00017892,0.00045066,0.00017892
Point 102,,,,,0.00018928,0.000133,0.00030562,0.00021364,0.00037898,0.00024248,0.00044982,0.00022148,0.00044982,0.00022148
Point 103,,,,,0.00020118,0.00012306,0.00032214,0.00019852,0.00040026,0.00022372,0.00047278,0.00019292,0.00047278,0.00019292
Point 104,,,,,0.00017556,0.0001379,0.00028728,0.00022288,0.00035448,0.0002562,0.00042028,0.00024304,0.00042028,0.00024304
Point 105,,,,,0.00018928,0.00013622,0.00030646,0.0002184,0.00037898,0.0002492,0.00044954,0.000231,0.00044954,0.000231
Point 106,,,,,0.00012894,0.00014084,0.0002247,0.00022988,0.00027678,0.00026726,0.00031542,0.00026138,0.00031542,0.00026138
Point 107,,,,,0.00012922,0.00015946,0.00022484,0.00026082,0.00027636,0.0003087,0.00031276,0.00031206,0.00031276,0.00031206
Point 108,,,,,0.0001302,0.0001519,0.00022666,0.00024738,0.00027902,0.00028994,0.00031878,0.00028882,0.00031878,0.00028882
Point 109,,,,,0.00014,0.00015302,0.00024024,0.00024948,0.00029638,0.0002912,0.00034594,0.00029148,0.00034594,0.00029148
Point 110,,,,,0.0001295,0.00014854,0.00022582,0.00024388,0.0002779,0.00028532,0.0003171,0.00028252,0.0003171,0.00028252
Point 111,,,,,0.00012138,0.0001533,0.00021294,0.0002513,0.00026152,0.00029512,0.00029204,0.00029344,0.00029204,0.00029344
Point 112,,,,,0.00015792,0.00014294,0.00026292,0.00023296,0.00032256,0.00027188,0.00038276,0.00026516,0.00038276,0.00026516
Point 113,,,,,0.0001463,0.0001589,0.00024962,0.00026012,0.00030646,0.0003052,0.00036078,0.00030996,0.00036078,0.00030996
Point 114,,,,,0.00015995,0.00015484,0.00026789,0.0002527,0.00033005,0.00029722,0.00038941,0.00029918,0.00038941,0.00029918
Point 115,,,,,0.00017563,0.00015687,0.00028791,0.00025473,0.00035399,0.00029995,0.00041699,0.00030331,0.00041699,0.00030331
Point 116,,,,,0.0001603,0.00014861,0.0002688,0.00024297,0.00033138,0.00028539,0.00039158,0.00028287,0.00039158,0.00028287
Point 117,,,,,0.00017633,0.0001498,0.00028889,0.00024276,0.00035651,0.00028266,0.00042203,0.00027986,0.00042203,0.00027986
Point 118,,,,,0.00016324,0.00016688,0.00027216,0.00027468,0.00033404,0.00032564,0.00039284,0.00034104,0.00039284,0.00034104
Point 119,,,,,0.00015946,0.00019341,0.0002653,0.00032109,0.00032508,0.00038633,0.00037996,0.00043141,0.00037996,0.00043141
Point 120,,,,,0.0001519,0.00017787,0.00025732,0.00029267,0.0003164,0.00034867,0.00037128,0.00037135,0.00037128,0.00037135
Point 121,,,,,0.00016177,0.00017822,0.00026985,0.00029442,0.00033033,0.00035126,0.00038577,0.00037674,0.00038577,0.00037674
Point 122,,,,,0.00016205,0.00017962,0.00027041,0.00029708,0.00033145,0.00035602,0.00038689,0.00038374,0.00038689,0.00038374
Point 123,,,,,0.00017003,0.00018137,0.00028049,0.00029883,0.00034475,0.00035791,0.00040159,0.00038703,0.00040159,0.00038703
Point 124,,,0.00010626,0.00014644,0.00013524,0.0001722,0.00023324,0.0002849,0.00028742,0.0003381,0.00033362,0.00035378,0.00033362,0.00035378
Point 125,,,0.00011438,0.00015554,0.00014476,0.0001862,0.00024612,0.00030562,0.00030352,0.00036638,0.00035504,0.00040082,0.00035504,0.00040082
Point 126,,,,,0.00014966,0.00020426,0.00025214,0.00034076,0.00031178,0.00041482,0.0003633,0.0004697,0.0003633,0.0004697
Point 127,,,,,0.0001372,0.00020748,0.00023646,0.00034552,0.00029274,0.00042448,0.00034034,0.00048104,0.00034034,0.00048104
Point 128,,,,,0.00014742,0.00016324,0.00025074,0.0002688,0.00030842,0.00031836,0.00036218,0.00032732,0.00036218,0.00032732
Point 129,,,,,0.00013958,0.00017472,0.00024066,0.00028784,0.0002968,0.00034314,0.00034608,0.00036246,0.00034608,0.00036246
Point 130,,,,,0.0001414,0.00019068,0.0002422,0.0003171,0.00029904,0.00038304,0.00035112,0.0004242,0.00035112,0.0004242
Point 131,,,,,0.0001498,0.00019852,0.00025214,0.0003311,0.00031164,0.0004018,0.00036372,0.00045052,0.00036372,0.00045052
Point 132,,,,,0.0001414,0.00020608,0.00024178,0.0003444,0.00030016,0.00042266,0.00034916,0.0004795,0.00034916,0.0004795
Point 133,,,,,0.00014658,0.00022064,0.00024654,0.0003682,0.00030492,0.00045486,0.0003528,0.00052458,0.0003528,0.00052458
Point 134,,,0.00013867,0.00013426,0.00018753,0.00015148,0.00030429,0.00024598,0.00037681,0.00028714,0.00044597,0.00028462,0.00044597,0.00028462
Point 135,,,0.00014315,0.00014154,0.00019285,0.00016464,0.00031269,0.00027006,0.00038549,0.00031934,0.00045325,0.00032886,0.00045325,0.00032886
Point 136,,,,,0.00017654,0.00014504,0.00028938,0.00023394,0.0003577,0.00027244,0.00042406,0.00026544,0.00042406,0.00026544
Point 137,,,,,0.00019033,0.00014665,0.00030751,0.00023583,0.00038045,0.00027405,0.00044989,0.00026677,0.00044989,0.00026677
Point 138,,,,,0.00017598,0.00016968,0.00028868,0.0002772,0.00035392,0.00032998,0.00041524,0.00034846,0.00041524,0.00034846
Point 139,,,,,0.00018991,0.000161,0.00030779,0.0002618,0.00037961,0.00030758,0.00044681,0.00031318,0.00044681,0.00031318
Point 140,,,,,0.00018186,0.00016744,0.00029652,0.00027384,0.00036484,0.00032466,0.00042756,0.00033866,0.00042756,0.00033866
Point 141,,,,,0.00018774,0.00017283,0.00030352,0.00028357,0.00037338,0.00033761,0.00043722,0.00035721,0.00043722,0.00035721
Point 142,,,,,0.00017115,0.00019047,0.00028189,0.00031612,0.00034391,0.0003815,0.00040005,0.0004242,0.00040005,0.0004242
Point 143,,,,,0.00018193,0.00019355,0.00029463,0.00032088,0.00036043,0.00038836,0.00041741,0.0004305,0.00041741,0.0004305
Point 144,,,,,0.00016002,0.00022834,0.00026544,0.00038353,0.0003248,0.00047999,0.00037128,0.00056203,0.00037128,0.00056203
Point 145,,,,,0.00015974,0.0001939,0.00026579,0.00032277,0.00032669,0.00038997,0.00038101,0.00043617,0.00038101,0.00043617
Point 146,,,,,0.00015029,0.00021189,0.00025403,0.00035448,0.00031409,0.00043708,0.00036477,0.00050022,0.00036477,0.00050022
Point 147,,,,,0.00015904,0.00021231,0.00026502,0.00035364,0.00032564,0.0004361,0.0003766,0.00050008,0.0003766,0.00050008
Point 148,,,,,0.00014252,0.00023947,0.00024276,0.00040173,0.00030142,0.00050659,0.0003458,0.00059885,0.0003458,0.00059885
Point 149,,,,,0.00015414,0.00023989,0.00025606,0.00040201,0.00031556,0.00050715,0.00035994,0.00059941,0.00035994,0.00059941
Point 150,,,,,0.00016877,0.000217,0.00027825,0.00036232,0.00033971,0.00044786,0.00038857,0.00051912,0.00038857,0.00051912
Point 151,,,,,0.00017857,0.00021434,0.00028973,0.00035784,0.00035385,0.00044254,0.00040411,0.00050974,0.00040411,0.00050974
Point 152,,,,,,,0.00021196,0.00016632,0.00025872,0.0001778,0.00029414,0.00014182,0.00029414,0.00014182
Point 153,,,,,,,0.00023394,0.00016702,0.00028616,0.0001785,0.00033502,0.00014182,0.00033502,0.00014182
Point 154,,,,,,,0.00024206,0.00018172,0.00029792,0.00019782,0.00035154,0.00016674,0.00035154,0.00016674
Point 155,,,,,,,0.00025858,0.00018284,0.00031766,0.0002009,0.00037842,0.00017122,0.00037842,0.00017122
Point 156,,,,,,,0.00027426,0.00017696,0.00033782,0.00019292,0.00039998,0.00015974,0.00039998,0.00015974
Point 157,,,,,,,0.00027566,0.00018606,0.00033936,0.00020552,0.00040306,0.00017598,0.00040306,0.00017598
Point 158,,,,,,,0.0002142,0.00019628,0.0002618,0.0002184,0.00029988,0.00019614,0.00029988,0.00019614
Point 159,,,,,,,0.0002142,0.00021014,0.0002618,0.0002387,0.00029624,0.00022386,0.00029624,0.00022386
Point 160,,,,,,,0.00023338,0.00019264,0.00028742,0.00021336,0.00033796,0.00018718,0.00033796,0.00018718
Point 161,,,,,,,0.000231,0.00020622,0.00028532,0.00023142,0.00033516,0.00021196,0.00033516,0.00021196
Point 162,,,,,,,0.00021896,0.00021336,0.00026768,0.00024332,0.00030464,0.00022862,0.00030464,0.00022862
Point 163,,,,,,,0.00021826,0.00022694,0.00026768,0.00026292,0.00030282,0.00025494,0.00030282,0.00025494
Point 164,,,,,,,0.00022736,0.00021686,0.00027888,0.00024878,0.00031948,0.00023604,0.00031948,0.00023604
Point 165,,,,,,,0.00024472,0.00022288,0.00030212,0.00025634,0.00035504,0.00024626,0.00035504,0.00024626
Point 166,,,,,,,0.00021378,0.00024066,0.00026208,0.00027972,0.00029386,0.00027594,0.00029386,0.00027594
Point 167,,,,,,,0.00022554,0.00023688,0.00027734,0.00027566,0.00031626,0.00027118,0.00031626,0.00027118
Point 168,,,,,,,0.0002128,0.00025466,0.00026194,0.00030002,0.00029204,0.00029946,0.00029204,0.00029946
Point 169,,,,,,,0.00022554,0.0002541,0.00027776,0.00029918,0.0003157,0.0002996,0.0003157,0.0002996
Point 170,,,,,,,0.00022638,0.0002555,0.0002786,0.00030058,0.00031668,0.00030198,0.00031668,0.00030198
Point 171,,,,,,,0.00023702,0.00026026,0.00029204,0.00030702,0.00033796,0.00031164,0.00033796,0.00031164
Point 172,,,,,,,0.00024388,0.0002394,0.00030002,0.0002786,0.0003514,0.00027524,0.0003514,0.00027524
Point 173,,,,,,,0.0002548,0.0002415,0.00031248,0.00028322,0.000371,0.00028098,0.000371,0.00028098
Point 174,,,,,,,0.0002373,0.00026782,0.0002926,0.00031738,0.00034006,0.00032466,0.00034006,0.00032466
Point 175,,,,,,,0.00024612,0.0002765,0.0003031,0.0003283,0.00035616,0.00034132,0.00035616,0.00034132
Point 176,,,,,,,0.00028728,0.00018536,0.00035546,0.00020552,0.00042224,0.00017416,0.00042224,0.00017416
Point 177,,,,,,,0.00030226,0.0001855,0.0003745,0.00020468,0.00044254,0.00017164,0.00044254,0.00017164
Point 178,,,,,,,0.000315,0.00017584,0.00039102,0.00019096,0.0004606,0.00015204,0.0004606,0.00015204
Point 179,,,,,,,0.0003024,0.00018102,0.00037464,0.00019852,0.0004417,0.00016436,0.0004417,0.00016436
Point 180,,,,,,,0.00028784,0.00021,0.00035434,0.00023828,0.00041972,0.000217,0.00041972,0.000217
Point 181,,,,,,,0.00030296,0.00021112,0.00037492,0.00023898,0.00044408,0.00021658,0.00044408,0.00021658
Point 182,,,,,,,0.00026418,0.00021826,0.00032466,0.00024948,0.00038738,0.00023492,0.00038738,0.00023492
Point 183,,,,,,,0.00028574,0.00022498,0.00035224,0.00025928,0.00041566,0.00024836,0.00041566,0.00024836
Point 184,,,,,,,0.00031262,0.00020986,0.00038822,0.00023758,0.00046004,0.00021462,0.00046004,0.00021462
Point 185,,,,,,,0.0003262,0.00021392,0.00040544,0.00024388,0.00047978,0.00021994,0.00047978,0.00021994
Point 186,,,,,,,0.00029022,0.00026194,0.0003556,0.00030898,0.00041818,0.00031626,0.00041818,0.00031626
Point 187,,,,,,,0.00030044,0.00026628,0.00037002,0.00031472,0.00043498,0.00032382,0.00043498,0.00032382
Point 188,,,,,,,0.00029582,0.00024822,0.00036484,0.0002912,0.0004312,0.00029176,0.0004312,0.00029176
Point 189,,,,,,,0.00030422,0.00025284,0.00037492,0.00029624,0.00044128,0.0002968,0.00044128,0.0002968
Point 190,,,,,,,0.00027748,0.00025466,0.00034076,0.00029918,0.00040278,0.0003031,0.00040278,0.0003031
Point 191,,,,,,,0.0002702,0.00027076,0.00033194,0.00032046,0.0003906,0.00033194,0.0003906,0.00033194
Point 192,,,,,,,0.0002716,0.000287,0.0003332,0.00034174,0.00038976,0.00036232,0.00038976,0.00036232
Point 193,,,,,,,0.00028518,0.00028644,0.00034986,0.00034132,0.0004095,0.00036316,0.0004095,0.00036316
Point 194,,,,,,,0.00030002,0.0002695,0.00036974,0.00031948,0.00043456,0.0003304,0.00043456,0.0003304
Point 195,,,,,,,0.00030996,0.0002751,0.00038136,0.00032662,0.00044786,0.0003402,0.00044786,0.0003402
Point 196,,,,,,,0.00028714,0.00028238,0.00035252,0.00033586,0.00041258,0.00035602,0.00041258,0.00035602
Point 197,,,,,,,0.00030226,0.000287,0.00037142,0.000343,0.00043484,0.00036498,0.00043484,0.00036498
Point 198,,,,,,,0.00028168,0.00030744,0.0003458,0.00036988,0.0004025,0.00040572,0.0004025,0.00040572
Point 199,,,,,,,0.0002954,0.00030534,0.00036204,0.00036806,0.00042168,0.0004011,0.00042168,0.0004011
Point 200,,,,,,,0.0002548,0.00030058,0.0003143,0.00035938,0.00036722,0.00039004,0.00036722,0.00039004
Point 201,,,,,,,0.00026796,0.00030408,0.00032858,0.00036484,0.00038346,0.00039984,0.00038346,0.00039984
Point 202,,,,,,,0.00026782,0.00031094,0.00032886,0.0003738,0.00038402,0.00041188,0.00038402,0.00041188
Point 203,,,,,,,0.00028056,0.00031066,0.00034384,0.00037492,0.00040026,0.0004123,0.00040026,0.0004123
Point 204,,,,,,,0.00026432,0.00034006,0.0003248,0.00041496,0.0003773,0.00046914,0.0003773,0.00046914
Point 205,,,,,,,0.00026544,0.00034146,0.00032592,0.00041664,0.00037856,0.00047194,0.00037856,0.00047194
Point 206,,,,,,,0.00027874,0.0003423,0.00034062,0.00041762,0.00039214,0.0004739,0.00039214,0.0004739
Point 207,,,,,,,0.00026684,0.00035868,0.0003276,0.00044226,0.000378,0.0005096,0.000378,0.0005096
Point 208,,,,,,,0.0002765,0.00035644,0.00033768,0.00043946,0.00038808,0.0005068,0.00038808,0.0005068
Point 209,,,,,,,0.00028798,0.00031878,0.00035168,0.00038584,0.0004074,0.0004284,0.0004074,0.0004284
Point 210,,,,,,,0.00028686,0.00033698,0.00034888,0.00040866,0.0004025,0.00046074,0.0004025,0.00046074
Point 211,,,,,,,0.00027902,0.00034944,0.00034062,0.00042882,0.000392,0.00048944,0.000392,0.00048944
Point 212,,,,,,,0.00029036,0.00035014,0.0003542,0.00043064,0.00040558,0.0004921,0.00040558,0.0004921
Point 213,,,,,,,0.00028266,0.00036064,0.0003451,0.0004466,0.00039522,0.00051702,0.00039522,0.00051702
Point 214,,,,,,,0.0002821,0.00037898,0.00034384,0.00047082,0.00039172,0.0005488,0.00039172,0.0005488
Point 215,,,,,,,0.00024234,0.00038738,0.00030072,0.00048328,0.00034538,0.00056308,0.00034538,0.00056308
Point 216,,,,,,,0.00025522,0.00038262,0.00031346,0.00047782,0.00035938,0.0005586,0.00035938,0.0005586
Point 217,,,,,,,0.00024304,0.00042084,0.000301,0.00053578,0.00034272,0.00064288,0.00034272,0.00064288
Point 218,,,,,,,0.00025732,0.00041692,0.00031682,0.00053046,0.00035952,0.00063644,0.00035952,0.00063644
Point 219,,,,,,,0.00024808,0.00032844,0.00030534,0.0003983,0.00035658,0.00044478,0.00035658,0.00044478
Point 220,,,,,,,0.00024598,0.00034048,0.00030408,0.00041524,0.00035364,0.00046984,0.00035364,0.00046984
Point 221,,,,,,,0.00023254,0.00030646,0.00028756,0.00036876,0.00033432,0.00040138,0.00033432,0.00040138
Point 222,,,,,,,0.00024276,0.00029918,0.00029862,0.00035784,0.00035028,0.00038724,0.00035028,0.00038724
Point 223,,,,,,,,,0.00025774,0.00025298,0.00029106,0.00024248,0.00029106,0.00024248
Point 224,,,,,,,,,0.00026572,0.00025186,0.00030142,0.00024178,0.00030142,0.00024178
Point 225,,,,,,,,,0.0002926,0.0002513,0.00034188,0.00023912,0.00034188,0.00023912
Point 226,,,,,,,,,0.00028868,0.00025872,0.00033698,0.00024822,0.00033698,0.00024822
Point 227,,,,,,,,,0.00027916,0.0002793,0.00031808,0.0002744,0.00031808,0.0002744
Point 228,,,,,,,,,0.00029652,0.00027454,0.00034496,0.0002702,0.00034496,0.0002702
Point 229,,,,,,,,,0.00030618,0.0003122,0.00036036,0.00031864,0.00036036,0.00031864
Point 230,,,,,,,,,0.00029652,0.00031892,0.00034524,0.00032844,0.00034524,0.00032844
Point 231,,,,,,,,,0.00029876,0.00032536,0.0003493,0.0003367,0.0003493,0.0003367
Point 232,,,,,,,,,0.0002919,0.00033894,0.00034188,0.0003528,0.00034188,0.0003528
Point 233,,,,,,,,,0.00028518,0.00035294,0.00033264,0.0003766,0.00033264,0.0003766
Point 234,,,,,,,,,0.00029694,0.00035112,0.00034888,0.0003752,0.00034888,0.0003752
Point 235,,,,,,,,,0.00030072,0.00033964,0.00035322,0.00035938,0.00035322,0.00035938
Point 236,,,,,,,,,0.00031444,0.00035196,0.00036764,0.00037632,0.00036764,0.00037632
Point 237,,,,,,,,,0.00030198,0.00038864,0.0003542,0.00043064,0.0003542,0.00043064
Point 238,,,,,,,,,0.00031206,0.00038024,0.00036582,0.0004207,0.00036582,0.0004207
Point 239,,,,,,,,,0.0003031,0.00043932,0.00035196,0.00050288,0.00035196,0.00050288
Point 240,,,,,,,,,0.00031178,0.00044058,0.00035994,0.00050358,0.00035994,0.00050358
Point 241,,,,,,,,,0.0003024,0.0004641,0.00034944,0.00053732,0.00034944,0.00053732
Point 242,,,,,,,,,0.00031276,0.00046648,0.00035966,0.00054208,0.00035966,0.00054208
Point 243,,,,,,,,,0.0002996,0.00049574,0.00034454,0.00058212,0.00034454,0.00058212
Point 244,,,,,,,,,0.00031584,0.00049504,0.00036092,0.00058142,0.00036092,0.00058142
Point 245,,,,,,,,,0.0003003,0.0005159,0.0003451,0.00061334,0.0003451,0.00061334
Point 246,,,,,,,,,0.00030926,0.0005334,0.00035154,0.00063966,0.00035154,0.00063966
Point 247,,,,,,,,,0.000308,0.0005586,0.00034902,0.00068026,0.00034902,0.00068026
Point 248,,,,,,,,,0.00031038,0.00053424,0.0003521,0.00064078,0.0003521,0.00064078
Point 249,,,,,,,0.00025256,0.00034118,0.00031276,0.0004158,0.0003647,0.0004704,0.0003647,0.0004704
Point 250,,,,,,,,,0.00031346,0.00046214,0.00036106,0.00053536,0.00036106,0.00053536
Point 251,,,,,,,,,0.00032452,0.0004613,0.00037254,0.00053508,0.00037254,0.00053508
Point 252,,,,,,,,,0.00031752,0.0003318,0.00037296,0.0003472,0.00037296,0.0003472
Point 253,,,,,,,,,0.00033208,0.00033334,0.0003899,0.00035112,0.0003899,0.00035112
Point 254,,,,,,,,,0.0003486,0.00035434,0.00040712,0.0003822,0.00040712,0.0003822
Point 255,,,,,,,,,0.00036316,0.00036106,0.00042154,0.000392,0.00042154,0.000392
Point 256,,,,,,,,,0.00033866,0.00031206,0.00039914,0.00032088,0.00039914,0.00032088
Point 257,,,,,,,,,0.0003521,0.00031388,0.0004137,0.00032382,0.0004137,0.00032382
Point 258,,,,,,,,,0.000336,0.00025536,0.00039928,0.00024206,0.00039928,0.00024206
Point 259,,,,,,,,,0.00032746,0.0002737,0.00038934,0.00026754,0.00038934,0.00026754
Point 260,,,,,,,,,0.00036568,0.00025872,0.00043344,0.00024472,0.00043344,0.00024472
Point 261,,,,,,,,,0.00036442,0.00026964,0.0004312,0.00026054,0.0004312,0.00026054
Point 262,,,,,,,,,0.00035812,0.00027734,0.00042518,0.00027188,0.00042518,0.00027188
Point 263,,,,,,,,,0.00036848,0.00028476,0.00043638,0.00027972,0.00043638,0.00027972
Point 264,,,,,,,,,0.00034314,0.00022582,0.00040936,0.00020006,0.00040936,0.00020006
Point 265,,,,,,,,,0.00034076,0.00023688,0.00040614,0.0002156,0.00040614,0.0002156
Point 266,,,,,,,,,0.00038094,0.00022176,0.00045136,0.00019222,0.00045136,0.00019222
Point 267,,,,,,,,,0.0003934,0.00022722,0.00046592,0.00019852,0.00046592,0.00019852
Point 268,,,,,,,,,0.00039424,0.00024164,0.0004669,0.0002198,0.0004669,0.0002198
Point 269,,,,,,,,,0.00039424,0.00025242,0.00046676,0.00023408,0.00046676,0.00023408
Point 270,,,0.00014868,8.54e-05,0.0001946,6.79e-05,0.000308,0.0001211,0.00038248,0.00012334,0.00043792,7.014e-05,0.00043792,7.014e-05
Point 271,,,0.00015442,9.674e-05,0.00020552,8.428e-05,0.00032508,0.00014238,0.00040572,0.00015022,0.00046928,0.0001001,0.00046928,0.0001001
Point 272,,,0.00015358,9.968e-05,0.00020706,9.38e-05,0.000329,0.00015498,0.0004102,0.00016534,0.0004802,0.00011802,0.0004802,0.00011802
Point 273,,,0.0001554,0.0001078,0.00021168,0.00010402,0.00033642,0.00016912,0.00042126,0.00018312,0.0004935,0.00013972,0.0004935,0.00013972
Point 274,,,0.00014966,0.00012124,0.0002051,0.00012964,0.00032592,0.00020034,0.000406,0.00022554,0.00048076,0.00019474,0.00048076,0.00019474
Point 275,,,,,0.0002016,9.31e-05,0.0003206,0.00015498,0.0003976,0.00016338,0.00046564,0.00011746,0.00046564,0.00011746
Point 276,,,,,0.0001953,0.00010248,0.00031318,0.00016744,0.00038906,0.0001806,0.00045766,0.00014028,0.00045766,0.00014028
Point 277,,,0.00011354,7.42e-05,0.00014252,5.418e-05,0.00024416,0.00010388,0.0003003,9.968e-05,0.00034482,4.928e-05,0.00034034,4.368e-05
Point 278,,,9.828e-05,9.142e-05,0.00012418,7.728e-05,0.00022008,0.00013552,0.0002695,0.00013748,0.00030954,9.24e-05,0.00030506,8.68e-05
Point 279,,,9.674e-05,0.00010318,0.00011802,9.702e-05,0.00021196,0.0001631,0.00025774,0.00017346,0.00029442,0.0001351,0.00028994,0.0001295
Point 280,,,9.296e-05,9.8e-05,0.0001127,8.862e-05,0.00020664,0.00014966,0.00025466,0.00015638,0.00028798,0.00011634,0.0002835,0.00011074
Point 281,,,9.632e-05,0.00011032,0.0001141,0.00010822,0.00020734,0.00017878,0.00025228,0.0001953,0.00028644,0.00016534,0.00028196,0.00015974
Point 282,,,9.296e-05,0.0001113,0.00010864,0.00011102,0.00019712,0.00018312,0.00024038,0.0002002,0.0002695,0.00017136,0.00026502,0.00016576
Point 283,,,9.24e-05,0.00012656,0.0001071,0.0001372,0.00019124,0.00022288,0.00023254,0.0002548,0.00025522,0.00023758,0.00024962,0.00023436
Point 284,,,,,0.00010766,0.00011928,0.00019446,0.00019446,0.0002366,0.00021574,0.00026292,0.00019502,0.00025844,0.00018942
Point 285,,,,,0.00011536,0.00012362,0.00020566,0.0002009,0.0002506,0.00022442,0.00028364,0.00020454,0.00027916,0.00019894
Point 286,,,,,,,0.00020062,0.00020062,0.00024472,0.000224,0.0002744,0.00020426,0.00026992,0.00019866
Point 287,,,,,,,0.00019978,0.00021532,0.00024304,0.00024528,0.0002716,0.00023156,0.00026712,0.00022596
Point 288,,,,,,,,,0.00024416,0.00019992,0.00027552,0.00017304,0.00027104,0.00016744
Point 289,,,,,,,,,0.00025144,0.0002086,0.00028308,0.00018004,0.0002786,0.00017444
Point 290,,,,,,,0.00024472,0.00011298,0.0002982,0.00010934,0.00034496,6.202e-05,0.000343,6.258e-05
Point 291,,,,,,,0.00022932,0.0001169,0.00028252,0.00011438,0.00032508,6.594e-05,0.00032312,6.65e-05
Point 292,,,0.00015036,0.00013006,0.0002044,0.00014364,0.00032914,0.00023226,0.0004095,0.00026754,0.0004872,0.00025284,0.0004886,0.00024892
Point 293,,,0.00014714,0.00014056,0.00020034,0.00016408,0.00032312,0.00026796,0.00039928,0.00031696,0.00047012,0.00032494,0.00047152,0.00032102
Point 294,,,,,0.00018998,0.00015694,0.00030772,0.00025522,0.00037968,0.00029862,0.00044492,0.00030114,0.00044632,0.00029722
Point 295,,,,,0.00020356,0.00014672,0.00032774,0.00023772,0.0004067,0.00027496,0.00048062,0.00026292,0.00048202,0.000259
Point 296,,,,,0.00019138,0.00014462,0.00030968,0.0002331,0.00038304,0.00026992,0.00045374,0.00025914,0.00045514,0.00025522
Point 297,,,,,0.00020048,0.00014854,0.00032214,0.00023996,0.00039844,0.00027888,0.00047068,0.00027118,0.00047208,0.00026726
Point 298,,,,,0.00019586,0.00015414,0.0003164,0.00024948,0.00039088,0.0002926,0.00046172,0.00029176,0.00046312,0.00028784
Point 299,,,,,0.000203,0.00015778,0.00032564,0.00025592,0.00040348,0.00030044,0.00047642,0.00030016,0.00047782,0.00029624
Point 300,,,,,,,0.00029904,0.00025256,0.00036848,0.00029694,0.00043386,0.00029974,0.00043526,0.00029582
Point 301,,,9.758e-05,0.00012404,0.0001169,0.00013328,0.00020734,0.000217,0.00025228,0.00024878,0.0002842,0.00023716,0.0002842,0.00023716
Point 302,,,0.00010542,0.00015274,0.00013286,0.00018214,0.0002296,0.00030184,0.0002828,0.00036176,0.00032998,0.00038864,0.00032998,0.00038864
Point 303,,,9.1e-05,0.0001008,0.00010934,9.17e-05,0.00019894,0.0001568,0.0002457,0.00016772,0.00027342,0.00013104,0.00027132,0.00012684
Point 304,,,9.03e-05,0.00010794,0.00010416,0.00010486,0.00019082,0.00017206,0.00023408,0.00018592,0.00025396,0.00015246,0.00025186,0.00014826
Point 305,,,9.576e-05,9.24e-05,0.00011914,7.784e-05,0.00021434,0.00013678,0.0002639,0.00014028,0.00030086,9.492e-05,0.00029876,9.072e-05
Point 306,,,9.38e-05,0.00010178,0.00011284,9.562e-05,0.00020454,0.00016128,0.00025032,0.0001736,0.00028112,0.00013846,0.00027902,0.00013426
Cells
Cell 0,238,42,200,236,120,252,7,8,191,118,9,138,196,193,10,254,123,198,203,142,5,145,119,6
Cell 1,114,116,11,12,136,262,117,13,115,186,257,9,118,191,8
Cell 2,7,128,229,113,14,109,172,228,20,165,15,69,112,259,11,116,114,8
Cell 3,99,76,16,17,68,157,18,80,19,180,79,104,183,12,11,259,112,69,15
Cell 4,183,104,79,180,19,21,181,102,105,22,296,137,134,263,188,13,117,262,136,12
Cell 5,23,255,199,24,143,71,212,151,25,60,214,4,150,208,211,206,70,5,142,203,198,123,254,10
Cell 6,188,263,134,137,296,22,269,52,292,295,299,293,135,195,141,197,23,10,193,196,138,9,257,186,115,13
Cell 7,155,93,90,66,65,88,85,26,27,28,89,67,91,29,176,18,157,68,17
Cell 8,16,30,154,75,92,153,31,64,84,32,33,86,26,85,88,65,66,90,93,155,17
Cell 9,86,33,35,36,62,87,27,26
Cell 10,1,34,38,36,35,37,290
Cell 11,0,250,242,216,2,244,149,218,41,247,40,217,245,148,243,215,39,241,133
Cell 12,0,133,241,39,61,127,43,130,125,42,238,6,131,126,249,146,240
Cell 13,7,252,120,236,200,42,125,130,43,221,302,233,124,59,174,171,14,113,229,128
Cell 14,33,32,82,44,37,35
Cell 15,291,46,277,1,290,37,44,45
Cell 16,32,84,64,31,83,47,278,45,44,82
Cell 17,28,48,49,100,29,91,67,89
Cell 18,176,29,100,49,276,178,50,51,101,266,21,19,80,18
Cell 19,266,101,51,103,274,185,52,269,22,105,102,181,21
Cell 20,87,62,36,38,53,54,63,55,48,28,27
Cell 21,31,153,92,75,154,30,160,72,95,158,56,289,281,74,152,279,47,83
Cell 22,15,165,20,226,73,106,163,57,223,301,96,285,56,158,95,72,160,30,16,76,99
Cell 23,20,228,172,109,14,171,174,59,107,58,168,111,166,57,163,106,73,226
Cell 24,62,36,38,53,54,63
Cell 25,63,55,48,28,27,87,62
Cell 26,66,65,88,85,26,27,28,89,67
Cell 27,67,91,29,176,18,157,68,17,155,93,90,66
Cell 28,64,84,32,33,86,26,85,88,65
Cell 29,65,66,90,93,155,17,16,30,154,75,92,153,31,64
Cell 30,68,157,18,80,19,180,79,104,183,12,11,259,112,69,182,77,78,81
Cell 31,81,78,77,182,69,15,99,76,16,17,68
Cell 32,70,5,142,203,198,123,254,10,23,255,199,24,143,71,210
Cell 33,210,71,212,151,25,60,214,4,150,208,211,206,70
Cell 34,72,160,30,16,76,99,15,165,20,226,73,164,97,98
Cell 35,98,97,164,73,106,163,57,223,301,96,285,56,158,95,72
Cell 36,94,75,154,30,160,72,95,158,56,289,281,74
Cell 37,74,152,279,47,83,31,153,92,75,94
Cell 38,76,16,17,68,81,78,77
Cell 39,77,182,69,15,99,76
Cell 40,78,81,68,157,18,80,19,180,79,265
Cell 41,265,79,104,183,12,11,259,112,69,182,77,78
Cell 42,264,81,68,157,18,80
Cell 43,80,19,180,79,265,78,81,264
Cell 44,82,32,84,64,31,83
Cell 45,83,47,278,45,44,82
Cell 46,84,32,33,86,26,85
Cell 47,85,88,65,64,84
Cell 48,86,33,35,36,62,87
Cell 49,87,27,26,86
Cell 50,88,85,26,27,28,89
Cell 51,89,67,66,65,88
Cell 52,92,153,31,64,65,66,90,93
Cell 53,93,155,17,16,30,154,75,92
Cell 54,90,66,67,91,156
Cell 55,156,91,29,176,18,157,68,17,155,93,90
Cell 56,94,75,154,30,160,72,95
Cell 57,95,158,56,289,281,74,94
Cell 58,96,285,56,158,95,72,98,97,162,159
Cell 59,159,162,97,164,73,106,163,57,223,301,96
Cell 60,98,72,160,30,16,76,99,161
Cell 61,161,99,15,165,20,226,73,164,97,98
Cell 62,100,49,276,178,50,51,101,177,179
Cell 63,179,177,101,266,21,19,80,18,176,29,100
Cell 64,102,181,21,266,101,51,103,267,184
Cell 65,184,267,103,274,185,52,269,22,105,102
Cell 66,104,79,180,19,21,181,102,105,260
Cell 67,260,105,22,296,137,134,263,188,13,117,262,136,12,183,104
Cell 68,106,73,226,20,228,172,109,14,171,174,59,107,170,169,108,110,227,167
Cell 69,167,227,110,108,169,170,107,58,168,111,166,57,163,106
Cell 70,108,110,227,167,106,73,226,20,228,172,109
Cell 71,109,14,171,174,59,107,170,169,108
Cell 72,110,108,169,170,107,58,168,111
Cell 73,111,166,57,163,106,167,227,110
Cell 74,112,259,11,116,114,8,7,128,229,113,173
Cell 75,173,113,14,109,172,228,20,165,15,69,112
Cell 76,114,116,11,12,136,262,117,13,115,190
Cell 77,190,115,186,257,9,118,191,8,114
Cell 78,116,11,12,136,262,117
Cell 79,117,13,115,190,114,116
Cell 80,118,9,138,196,193,10,254,123,198,203,142,5,145,119,202,201,122,121,192,253
Cell 81,253,192,121,122,201,202,119,6,238,42,200,236,120,252,7,8,191,118
Cell 82,120,252,7,8,191,118,253,192,121
Cell 83,121,122,201,202,119,6,238,42,200,236,120
Cell 84,122,121,192,253,118,9,138,196,193,10,254,123
Cell 85,123,198,203,142,5,145,119,202,201,122
Cell 86,220,132,127,43,130,125,42,238,6,131,126
Cell 87,126,249,146,240,0,133,241,39,61,127,132,220
Cell 88,130,125,42,238,6,131,219,237
Cell 89,237,219,131,126,220,132,127,43,130
Cell 90,132,220,126,249,146,240,0,133,239
Cell 91,239,133,241,39,61,127,132
Cell 92,134,137,296,22,269,52,292,295,299,293,135,139,294,189
Cell 93,189,294,139,135,195,141,197,23,10,193,196,138,9,257,186,115,13,188,263,134
Cell 94,136,12,183,104,260,105,22,296,137,261
Cell 95,261,137,134,263,188,13,117,262,136
Cell 96,138,9,257,186,115,13,188,263,134,189,294,139,187,194,140
Cell 97,140,194,187,139,135,195,141,197,23,10,193,196,138
Cell 98,140,194,187,139,135,195,141
Cell 99,141,197,23,10,193,196,138,140
Cell 100,142,203,198,123,254,10,23,255,199,24,143,209
Cell 101,209,143,71,210,70,5,142
Cell 102,148,243,215,39,241,133,0,250,242,216,2,244,149
Cell 103,149,218,41,247,40,217,245,148
Cell 104,150,208,211,206,70,210,71,212,151,213
Cell 105,213,151,25,60,214,4,150
Cell 106,152,279,47,83,31,153
Cell 107,153,92,75,94,74,152
Cell 108,154,75,92,93,155
Cell 109,155,17,16,30,154
Cell 110,156,91,29,176,18,157
Cell 111,157,68,17,155,93,90,156
Cell 112,158,95,72,98,97,162,159
Cell 113,159,96,285,56,158
Cell 114,160,30,16,76,99,161
Cell 115,161,98,72,160
Cell 116,162,97,164,73,106,163,224
Cell 117,224,163,57,223,301,96,159,162
Cell 118,164,97,98,161,99,15,165,225
Cell 119,225,165,20,226,73,164
Cell 120,166,57,163,106,167
Cell 121,167,227,110,111,166
Cell 122,168,111,110,108,169
Cell 123,169,170,107,58,168
Cell 124,170,169,108,109,14,171
Cell 125,171,174,59,107,170
Cell 126,172,228,20,165,15,69,112,173
Cell 127,173,113,14,109,172
Cell 128,176,29,100,179,177
Cell 129,177,101,266,21,19,80,18,176
Cell 130,179,100,49,276,178
Cell 131,178,50,51,101,177,179
Cell 132,180,19,21,181
Cell 133,181,102,105,260,104,79,180
Cell 134,182,77,78,265,79,104,183,258
Cell 135,258,183,12,11,259,112,69,182
Cell 136,184,267,103,274,185,268
Cell 137,268,185,52,269,22,105,102,184
Cell 138,186,115,13,188,263,134,189,294,139,187
Cell 139,187,194,140,138,9,257,186
Cell 140,188,263,134,189,300
Cell 141,300,189,294,139,187,186,115,13,188
Cell 142,190,115,186,257,9,118,191,256
Cell 143,256,191,8,114,190
Cell 144,192,253,118,9,138,196,193
Cell 145,193,10,254,123,122,121,192
Cell 146,196,138,140,141,197
Cell 147,197,23,10,193,196
Cell 148,194,187,139,135,195
Cell 149,195,141,140,194
Cell 150,198,123,254,10,23,255,199
Cell 151,199,24,143,209,142,203,198
Cell 152,200,236,120,121,122,201
Cell 153,201,202,119,6,238,42,200
Cell 154,202,201,122,123,198,203
Cell 155,203,142,5,145,119,202
Cell 156,209,143,71,210
Cell 157,210,70,5,142,209
Cell 158,211,206,70,210,71,212
Cell 159,212,151,213,150,208,211
Cell 160,213,151,25,60,214
Cell 161,214,4,150,213
Cell 162,215,39,241,133,0,250,242,216
Cell 163,216,2,244,149,148,243,215
Cell 164,217,245,148,149,218,248,246
Cell 165,246,248,218,41,247,40,217
Cell 166,219,131,126,220
Cell 167,220,132,127,43,130,237,219
Cell 168,223,301,96,159,162,224
Cell 169,224,163,57,223
Cell 170,225,165,20,226
Cell 171,226,73,164,225
Cell 172,227,167,106,73,226,20,228
Cell 173,228,172,109,108,110,227
Cell 174,237,130,125,42,238
Cell 175,238,6,131,219,237
Cell 176,239,132,220,126,249,146,240
Cell 177,240,0,133,239
Cell 178,241,133,0,250,242
Cell 179,242,216,215,39,241
Cell 180,243,215,216,2,244
Cell 181,244,149,148,243
Cell 182,245,148,149,218,248,246
Cell 183,246,217,245
Cell 184,248,218,41,247
Cell 185,247,40,217,246,248
Cell 186,0,240,146,249,126,131,6,119,145,5,70,206,211,208,150,4,3,144,2,216,242,250
Cell 187,251,207,147,205,204,145,5,70,206,211,208,150,4,3,144
Cell 188,144,2,216,242,250,0,240,146,249,126,131,6,119,145,204,205,147,207,251
Cell 189,146,249,126,131,6,119,145,204,205,147
Cell 190,147,207,251,144,2,216,242,250,0,240,146
Cell 191,249,126,131,6,119,145,204
Cell 192,204,205,147,146,249
Cell 193,207,147,205,204,145,5,70,206,211,208
Cell 194,208,150,4,3,144,251,207
Cell 195,205,204,145,5,70,206
Cell 196,206,211,208,207,147,205
Cell 197,250,0,240,146,147,207,251
Cell 198,251,144,2,216,242,250
Cell 199,252,7,8,191,118,253
Cell 200,253,192,121,120,252
Cell 201,254,10,23,255
Cell 202,255,199,198,123,254
Cell 203,256,190,115,186,257
Cell 204,257,9,118,191,256
Cell 205,258,183,12,11,259
Cell 206,259,112,69,182,258
Cell 207,260,105,22,296,137,261
Cell 208,261,136,12,183,104,260
Cell 209,262,136,261,137,134,263
Cell 210,263,188,13,117,262
Cell 211,264,80,19,180,79,265
Cell 212,265,78,81,264
Cell 213,266,101,51,103,267
Cell 214,267,184,102,181,21,266
Cell 215,268,185,52,269
Cell 216,269,22,105,102,184,268
Cell 217,124,59,174,171,14,113,229,128,7,252,120,236,200,42,125,222,234,129,232
Cell 218,232,129,234,222,125,130,43,221,302,233,124
Cell 219,128,7,252,120,236,200,42,125,222,234,129,235,175
Cell 220,175,235,129,232,124,59,174,171,14,113,229,128
Cell 221,54,270,271,272,275,55,63
Cell 222,48,55,275,272,273,50,178,276,49
Cell 223,275,272,273,50,178,276
Cell 224,276,49,48,55,275
Cell 225,47,279,306,280,305,278
Cell 226,291,46,277,1,290
Cell 227,290,37,44,45,291
Cell 228,294,189,134,137,296,22,269,52,292,295,297,298
Cell 229,298,297,295,299,293,135,139,294
Cell 230,296,22,269,52,292,295,297
Cell 231,297,298,294,189,134,137,296
Cell 232,298,297,295,299
Cell 233,299,293,135,139,294,298
Cell 234,279,152,74,281,288,282,304,303,280,306
Cell 235,174,171,14,113,229,128,175,231,230
Cell 236,230,231,175,235,129,232,124,59,174
Cell 237,221,302,233,124,232,129,234,222
Cell 238,222,125,130,43,221
Cell 239,230,174,171,14,113,229
Cell 240,229,128,175,231,230
Cell 241,235,175,128,7,252,120,236
Cell 242,236,200,42,125,222,234,129,235
Cell 243,232,124,59,174,230,231
Cell 244,231,175,235,129,232
Cell 245,233,124,232,129,234
Cell 246,234,222,221,302,233
Cell 247,281,289,56,285,96,301,287,283,284,282,288
Cell 248,284,282,288,281,289,56,285,286
Cell 249,286,285,96,301,287,283,284
Cell 250,286,285,96,301,287
Cell 251,287,283,284,286
Cell 252,288,281,289
Cell 253,289,56,285,286,284,282,288
Divisions,Time,Daughter cell 1,Daughter cell 2,Division point 1,Division point 2
Cell 0,2,80,81,118,119
Cell 1,2,76,77,114,115
Cell 2,2,74,75,112,113
Cell 3,1,30,31,68,69
Cell 4,2,66,67,104,105
Cell 5,1,32,33,70,71
Cell 6,1,92,93,134,135
Cell 7,1,26,27,66,67
Cell 8,1,28,29,64,65
Cell 9,2,48,49,86,87
Cell 11,2,102,103,148,149
Cell 12,2,86,87,127,126
Cell 13,1,217,218,124,125
Cell 15,3,226,227,291,290
Cell 16,2,44,45,82,83
Cell 18,2,62,63,100,101
Cell 19,2,64,65,102,103
Cell 20,1,24,25,62,63
Cell 21,1,36,37,75,74
Cell 22,1,34,35,72,73
Cell 23,2,68,69,106,107
Cell 26,2,50,51,88,89
Cell 27,2,54,55,90,91
Cell 28,2,46,47,84,85
Cell 29,2,52,53,92,93
Cell 30,2,40,41,78,79
Cell 31,2,38,39,76,77
Cell 32,2,100,101,142,143
Cell 33,2,104,105,150,151
Cell 34,2,60,61,98,99
Cell 35,2,58,59,96,97
Cell 36,2,56,57,94,95
Cell 37,3,106,107,152,153
Cell 40,2,42,43,81,80
Cell 41,3,134,135,182,183
Cell 43,4,211,212,264,265
Cell 53,3,108,109,154,155
Cell 55,3,110,111,156,157
Cell 58,3,112,113,158,159
Cell 59,3,116,117,162,163
Cell 60,3,114,115,160,161
Cell 61,3,118,119,164,165
Cell 62,3,130,131,179,178
Cell 63,3,128,129,176,177
Cell 64,4,213,214,266,267
Cell 65,3,136,137,184,185
Cell 66,3,132,133,180,181
Cell 67,2,94,95,136,137
Cell 68,2,70,71,108,109
Cell 69,2,72,73,110,111
Cell 70,4,172,173,227,228
Cell 71,3,124,125,170,171
Cell 72,3,122,123,168,169
Cell 73,3,120,121,166,167
Cell 75,3,126,127,172,173
Cell 76,2,78,79,116,117
Cell 77,3,142,143,190,191
Cell 80,2,84,85,122,123
Cell 81,2,82,83,120,121
Cell 82,4,199,200,252,253
Cell 83,3,152,153,200,201
Cell 84,3,144,145,192,193
Cell 85,3,154,155,202,203
Cell 86,2,88,89,130,131
Cell 87,2,90,91,132,133
Cell 88,4,174,175,237,238
Cell 89,3,166,167,219,220
Cell 90,4,176,177,239,240
Cell 92,2,228,229,294,295
Cell 93,2,96,97,138,139
Cell 94,4,207,208,260,261
Cell 95,4,209,210,262,263
Cell 96,3,138,139,186,187
Cell 97,2,98,99,140,141
Cell 98,3,148,149,194,195
Cell 99,3,146,147,196,197
Cell 100,3,150,151,198,199
Cell 101,3,156,157,209,210
Cell 102,3,162,163,215,216
Cell 103,3,164,165,217,218
Cell 104,3,158,159,211,212
Cell 105,3,160,161,213,214
Cell 117,4,168,169,223,224
Cell 119,4,170,171,225,226
Cell 135,4,205,206,258,259
Cell 137,4,215,216,268,269
Cell 138,3,140,141,188,189
Cell 142,4,203,204,256,257
Cell 150,4,201,202,254,255
Cell 162,4,178,179,241,242
Cell 163,4,180,181,243,244
Cell 164,4,182,183,245,246
Cell 165,4,184,185,248,247
Cell 186,2,187,188,145,144
Cell 187,3,193,194,207,208
Cell 188,2,189,190,146,147
Cell 189,3,191,192,249,204
Cell 190,4,197,198,250,251
Cell 193,3,195,196,205,206
Cell 217,2,219,220,128,129
Cell 218,3,237,238,221,222
Cell 219,4,241,242,235,236
Cell 220,3,235,236,174,175
Cell 222,2,223,224,275,276
Cell 228,2,230,231,296,297
Cell 229,2,232,233,298,299
Cell 235,4,239,240,230,229
Cell 236,4,243,244,232,231
Cell 237,4,245,246,233,234
Cell 247,2,248,249,284,285
Cell 248,4,252,253,288,289
Cell 249,3,250,251,286,287
