"Cell","Time","Daughter cell 1","Daughter cell 2","Division point 1","Division point 2","TimeHours1","TimeHours2","Lineage","DirectMother","OldestAncestor","TimeHours1_Birth","TimeHours2_Birth","Area_At_Division","Area_Daughter1_At_Division","Area_Daughter2_At_Division","Symmetry","DT_Used_To_Compute_Growth","karea","kmaj","kmin","theta","phi","aniso","kx","ky","Mean_Time_Division","Mean_Time_Birth","Cell_Cycle_Duration"
"Cell 0",2,80,81,118,119,22,47,NA,NA,NA,NA,NA,NA,NA,NA,NA,NA,NA,NA,NA,NA,NA,NA,NA,NA,34.5,NA,NA
"Cell 1",2,76,77,114,115,22,47,NA,NA,NA,NA,NA,NA,NA,NA,NA,NA,NA,NA,NA,NA,NA,NA,NA,NA,34.5,NA,NA
"Cell 2",2,74,75,112,113,22,47,NA,NA,NA,NA,NA,NA,NA,NA,NA,NA,NA,NA,NA,NA,NA,NA,NA,NA,34.5,NA,NA
"Cell 3",1,30,31,68,69,0,22,NA,NA,NA,NA,NA,NA,NA,NA,NA,NA,NA,NA,NA,NA,NA,NA,NA,NA,11,NA,NA
"Cell 4",2,66,67,104,105,22,47,NA,NA,NA,NA,NA,NA,NA,NA,NA,NA,NA,NA,NA,NA,NA,NA,NA,NA,34.5,NA,NA
"Cell 5",1,32,33,70,71,0,22,NA,NA,NA,NA,NA,NA,NA,NA,NA,NA,NA,NA,NA,NA,NA,NA,NA,NA,11,NA,NA
"Cell 6",1,92,93,134,135,0,22,NA,NA,NA,NA,NA,NA,NA,NA,NA,NA,NA,NA,NA,NA,NA,NA,NA,NA,11,NA,NA
"Cell 7",1,26,27,66,67,0,22,NA,NA,NA,NA,NA,NA,NA,NA,NA,NA,NA,NA,NA,NA,NA,NA,NA,NA,11,NA,NA
"Cell 8",1,28,29,64,65,0,22,NA,NA,NA,NA,NA,NA,NA,NA,NA,NA,NA,NA,NA,NA,NA,NA,NA,NA,11,NA,NA
"Cell 9",2,48,49,86,87,22,47,NA,NA,NA,NA,NA,NA,NA,NA,NA,NA,NA,NA,NA,NA,NA,NA,NA,NA,34.5,NA,NA
"Cell 11",2,102,103,148,149,22,47,NA,NA,NA,NA,NA,NA,NA,NA,NA,NA,NA,NA,NA,NA,NA,NA,NA,NA,34.5,NA,NA
"Cell 12",2,86,87,127,126,22,47,NA,NA,NA,NA,NA,NA,NA,NA,NA,NA,NA,NA,NA,NA,NA,NA,NA,NA,34.5,NA,NA
"Cell 13",1,215,216,124,125,0,22,NA,NA,NA,NA,NA,NA,NA,NA,NA,NA,NA,NA,NA,NA,NA,NA,NA,NA,11,NA,NA
"Cell 15",3,224,225,290,289,47,71,3,NA,"Cell 15",NA,NA,202.729847719301,77.5488304053392,125.181017313962,0.765046008545452,24,0.0145124442281023,0.010624730628174,0.00436358735222216,-74.9208800875178,0.000218663078114762,0.58929901331794,0.00469244992890652,0.0102958680514896,59,NA,NA
"Cell 16",2,44,45,82,83,22,47,NA,NA,NA,NA,NA,NA,NA,NA,NA,NA,NA,NA,NA,NA,NA,NA,NA,NA,34.5,NA,NA
"Cell 18",2,62,63,100,101,22,47,NA,NA,NA,NA,NA,NA,NA,NA,NA,NA,NA,NA,NA,NA,NA,NA,NA,NA,34.5,NA,NA
"Cell 19",2,64,65,102,103,22,47,NA,NA,NA,NA,NA,NA,NA,NA,NA,NA,NA,NA,NA,NA,NA,NA,NA,NA,34.5,NA,NA
"Cell 20",1,24,25,62,63,0,22,NA,NA,NA,NA,NA,NA,NA,NA,NA,NA,NA,NA,NA,NA,NA,NA,NA,NA,11,NA,NA
"Cell 21",1,36,37,75,74,0,22,NA,NA,NA,NA,NA,NA,NA,NA,NA,NA,NA,NA,NA,NA,NA,NA,NA,NA,11,NA,NA
"Cell 22",1,34,35,72,73,0,22,NA,NA,NA,NA,NA,NA,NA,NA,NA,NA,NA,NA,NA,NA,NA,NA,NA,NA,11,NA,NA
"Cell 23",2,68,69,106,107,22,47,NA,NA,NA,NA,NA,NA,NA,NA,NA,NA,NA,NA,NA,NA,NA,NA,NA,NA,34.5,NA,NA
"Cell 26",2,50,51,88,89,22,47,NA,NA,NA,NA,NA,NA,NA,NA,NA,NA,NA,NA,NA,NA,NA,NA,NA,NA,34.5,NA,NA
"Cell 27",2,54,55,90,91,22,47,NA,NA,NA,NA,NA,NA,NA,NA,NA,NA,NA,NA,NA,NA,NA,NA,NA,NA,34.5,NA,NA
"Cell 28",2,46,47,84,85,22,47,NA,NA,NA,NA,NA,NA,NA,NA,NA,NA,NA,NA,NA,NA,NA,NA,NA,NA,34.5,NA,NA
"Cell 29",2,52,53,92,93,22,47,NA,NA,NA,NA,NA,NA,NA,NA,NA,NA,NA,NA,NA,NA,NA,NA,NA,NA,34.5,NA,NA
"Cell 30",2,40,41,78,79,22,47,NA,NA,NA,NA,NA,NA,NA,NA,NA,NA,NA,NA,NA,NA,NA,NA,NA,NA,34.5,NA,NA
"Cell 31",2,38,39,76,77,22,47,NA,NA,NA,NA,NA,NA,NA,NA,NA,NA,NA,NA,NA,NA,NA,NA,NA,NA,34.5,NA,NA
"Cell 32",2,100,101,142,143,22,47,NA,NA,NA,NA,NA,NA,NA,NA,NA,NA,NA,NA,NA,NA,NA,NA,NA,NA,34.5,NA,NA
"Cell 33",2,104,105,150,151,22,47,NA,NA,NA,NA,NA,NA,NA,NA,NA,NA,NA,NA,NA,NA,NA,NA,NA,NA,34.5,NA,NA
"Cell 34",2,60,61,98,99,22,47,NA,NA,NA,NA,NA,NA,NA,NA,NA,NA,NA,NA,NA,NA,NA,NA,NA,NA,34.5,NA,NA
"Cell 35",2,58,59,96,97,22,47,NA,NA,NA,NA,NA,NA,NA,NA,NA,NA,NA,NA,NA,NA,NA,NA,NA,NA,34.5,NA,NA
"Cell 36",2,56,57,94,95,22,47,NA,NA,NA,NA,NA,NA,NA,NA,NA,NA,NA,NA,NA,NA,NA,NA,NA,NA,34.5,NA,NA
"Cell 37",3,106,107,152,153,47,71,7,"Cell 21","Cell 37",0,22,236.4005,114.841682550063,121.558817449937,0.971585783871552,24,0.0253680165502125,0.0177175554616874,0.00767772775527144,-81.2303280821976,0.000506715373153848,0.566659871793611,0.00782428541623026,0.0175709978007286,59,11,48
"Cell 40",2,42,43,81,80,22,47,NA,NA,NA,NA,NA,NA,NA,NA,NA,NA,NA,NA,NA,NA,NA,NA,NA,NA,34.5,NA,NA
"Cell 41",3,134,135,182,183,47,71,10,"Cell 30","Cell 41",22,47,234.6708,107.011919783573,127.658880216427,0.912017343304516,24,0.034564883928158,0.0212393494236634,0.0133139535093184,-87.4351042544579,0.00135859724644603,0.373146830265672,0.013315256557386,0.0212380463755958,59,34.5,24.5
"Cell 43",4,209,210,263,264,71,96,12,"Cell 40","Cell 43",22,47,224.8218,155.231446108081,69.5903538919183,0.619071227896212,25,0.0183622925655216,0.0109128937001363,0.00794207693427973,-43.8841983860452,-0.00163902922781838,0.272229973780413,0.0093904469329036,0.00946452370151238,83.5,34.5,49
"Cell 53",3,108,109,154,155,47,71,22,"Cell 29","Cell 53",22,47,197.99185,88.2558299791512,109.736020020849,0.891509726073584,24,0.0244531689929827,0.0182193480200238,0.00690928089120944,266.917806939564,0.00220003450493367,0.620772330403049,0.00699221681644777,0.0181364120947855,59,34.5,24.5
"Cell 55",3,110,111,156,157,47,71,24,"Cell 27","Cell 55",22,47,189.53935,71.6514097284073,117.887940271593,0.756058409279205,24,0.0288191489962817,0.016259195544905,0.0127891914151432,246.187848319312,0.000488453212536868,0.213417946796831,0.0134390349798227,0.0156093519802255,59,34.5,24.5
"Cell 58",3,112,113,158,159,47,71,27,"Cell 35","Cell 58",22,47,139.8019,92.5055871425075,47.2963128574926,0.676619028174761,24,0.0318151828084747,0.0190017932816819,0.0131906471928697,-50.5359490144098,-0.00170460776375752,0.305820929775836,0.0153573232907644,0.0168351171837872,59,34.5,24.5
"Cell 59",3,116,117,162,163,47,71,28,"Cell 35","Cell 59",22,47,128.135,53.6469710193663,74.4880289806337,0.837350778778106,24,0.0382093620034915,0.0204385056011745,0.0172015488791818,-68.8967731598441,5.11108851983743e-05,0.158375410862067,0.0175542029263733,0.020085851553983,59,34.5,24.5
"Cell 60",3,114,115,160,161,47,71,29,"Cell 34","Cell 60",22,47,161.896,107.528199858822,54.3678001411778,0.671638584537948,24,0.0283007879947158,0.0153857082217968,0.0129789392489539,-58.2406425011206,-0.00149495139334068,0.156428871401137,0.013578056004609,0.0147865914661417,59,34.5,24.5
"Cell 61",3,118,119,164,165,47,71,30,"Cell 34","Cell 61",22,47,156.6726,94.0779798003378,62.5946201996618,0.79904999597456,24,0.0352593743853082,0.0234247079525167,0.0119331689439025,262.756242292141,-0.0010200770210221,0.490573416407505,0.0122189892235838,0.0231388876728354,59,34.5,24.5
"Cell 62",3,130,131,179,178,47,71,31,"Cell 18","Cell 62",22,47,172.0243,64.6713850451512,107.352914954849,0.751886623519482,24,0.0333599542183407,0.0170397248099872,0.0161017591981582,244.092074012001,0.00197208016467578,0.0550458192422951,0.0163049471175033,0.0168365368906421,59,34.5,24.5
"Cell 63",3,128,129,176,177,47,71,32,"Cell 18","Cell 63",22,47,237.77985,77.438161917973,160.341688082027,0.651343349051428,24,0.0262848000611326,0.0172159576569032,0.00906099383672135,255.159040009597,0.0019548680523094,0.473686331176118,0.00973214121500005,0.0165448102786245,59,34.5,24.5
"Cell 64",4,211,212,265,266,71,96,33,"Cell 19","Cell 64",22,47,301.4725,149.753590559655,151.718909440345,0.993480934809346,25,0.0184409590828237,0.0109350329073976,0.00704380536835942,-73.3421044460631,-0.00106252542176804,0.355849641422275,0.00729864750891435,0.0106801907668427,83.5,34.5,49
"Cell 65",3,136,137,184,185,47,71,34,"Cell 19","Cell 65",22,47,181.481299999999,61.839736852482,119.641563147517,0.681499822323096,24,0.0356962974945581,0.0205781292590577,0.0149920191658657,256.359426686025,-0.000861490322479574,0.271458596788297,0.0153894926863022,0.0201806557386212,59,34.5,24.5
"Cell 66",3,132,133,180,181,47,71,35,"Cell 4","Cell 66",22,47,159.8184,60.2465652779755,99.5718347220241,0.753937785361081,24,0.0276264570477151,0.0179031699782085,0.0103798296386244,-73.6231908338194,0.00109560569100637,0.420223923961029,0.0108544400369933,0.0174285595798396,59,34.5,24.5
"Cell 67",2,94,95,136,137,22,47,NA,NA,NA,NA,NA,NA,NA,NA,NA,NA,NA,NA,NA,NA,NA,NA,NA,NA,34.5,NA,NA
"Cell 68",2,70,71,108,109,22,47,NA,NA,NA,NA,NA,NA,NA,NA,NA,NA,NA,NA,NA,NA,NA,NA,NA,NA,34.5,NA,NA
"Cell 69",2,72,73,110,111,22,47,NA,NA,NA,NA,NA,NA,NA,NA,NA,NA,NA,NA,NA,NA,NA,NA,NA,NA,34.5,NA,NA
"Cell 70",4,172,173,227,228,71,96,36,"Cell 68","Cell 70",22,47,329.348600000001,170.539662468021,158.80893753198,0.964382040986236,25,0.0215886630982519,0.0137705290974671,0.00709424647215065,-81.2545676902431,0.00133259183816667,0.484823972852608,0.00719102800658211,0.0136737475630356,83.5,34.5,49
"Cell 71",3,124,125,170,171,47,71,37,"Cell 68","Cell 71",22,47,97.0739000000005,55.38739740033,41.6865025996705,0.858861189252112,24,0.0398424113981743,0.0265748651632306,0.0129497539684752,266.237016634268,-0.000164209699456485,0.512706691494614,0.0130791836177438,0.026445435513962,59,34.5,24.5
"Cell 72",3,122,123,168,169,47,71,38,"Cell 69","Cell 72",22,47,75.6903,34.8470216300707,40.8432783699293,0.920779059670016,24,0.0399608633751447,0.0225407168996059,0.0172814097887141,-41.9602854633164,0.000650686188557835,0.233324748911768,0.0200220538890106,0.0198000727993093,59,34.5,24.5
"Cell 73",3,120,121,166,167,47,71,39,"Cell 69","Cell 73",22,47,86.3820999999998,43.6658455327716,42.7162544672282,0.98900708520002,24,0.0439903754352407,0.0266334015961935,0.0164076539267146,264.383245427837,-0.00290887634593337,0.383944485369094,0.016579429313087,0.026461626209821,59,34.5,24.5
"Cell 75",3,126,127,172,173,47,71,41,"Cell 2","Cell 75",22,47,261.27045,166.689348391965,94.5811016080351,0.724009175993956,24,0.0308546430067477,0.0215890129842439,0.00891009912767616,-88.9103465866971,0.000669637802625261,0.587285480157016,0.00891221711731953,0.0215868949946005,59,34.5,24.5
"Cell 76",2,78,79,116,117,22,47,NA,NA,NA,NA,NA,NA,NA,NA,NA,NA,NA,NA,NA,NA,NA,NA,NA,NA,34.5,NA,NA
"Cell 77",3,142,143,190,191,47,71,42,"Cell 1","Cell 77",22,47,170.62535,118.256617696341,52.3687323036587,0.613844687247923,24,0.0355962976667157,0.0243703959127466,0.0106933568752495,-84.9402917445879,0.000876983219184101,0.56121529935193,0.0107367637144274,0.0243269890735687,59,34.5,24.5
"Cell 79",4,508,509,628,629,71,96,44,"Cell 76","Cell 79",22,47,246.73215,131.071205960687,115.660944039313,0.93754254594963,25,0.0166702994247346,0.0109747613787172,0.00574034068468308,-44.029334128928,-0.000891753103652125,0.476950752130698,0.00827903709762691,0.00843606496577334,83.5,34.5,49
"Cell 80",2,84,85,122,123,22,47,NA,NA,NA,NA,NA,NA,NA,NA,NA,NA,NA,NA,NA,NA,NA,NA,NA,NA,34.5,NA,NA
"Cell 81",2,82,83,120,121,22,47,NA,NA,NA,NA,NA,NA,NA,NA,NA,NA,NA,NA,NA,NA,NA,NA,NA,NA,34.5,NA,NA
"Cell 82",4,197,198,251,252,71,96,45,"Cell 81","Cell 82",22,47,357.259,172.203406689416,185.055593310584,0.964025576343303,25,0.0148341552081712,0.0110619268286937,0.00370693823891505,-83.9379747346378,-0.00044927697164473,0.66489217508657,0.00374698811717617,0.0110218769504325,83.5,34.5,49
"Cell 83",3,152,153,200,201,47,71,46,"Cell 81","Cell 83",22,47,155.83225,51.2672940662521,104.564955933748,0.657980540821969,24,0.0367507394137183,0.0249372881505147,0.0115396911699616,-84.394094487917,-0.00227287592819219,0.537251560782743,0.0115977873876279,0.0248791919328484,59,34.5,24.5
"Cell 84",3,144,145,192,193,47,71,47,"Cell 80","Cell 84",22,47,168.1778,93.8267557198166,74.3510442801833,0.88419570573742,24,0.0319360872047257,0.0239805299955587,0.00811812217717407,-85.0669073743386,0.00153495577853833,0.661470276983971,0.00816459843872134,0.0239340537340115,59,34.5,24.5
"Cell 85",3,154,155,202,203,47,71,48,"Cell 80","Cell 85",22,47,136.915800000001,66.2156586392875,70.7001413607133,0.967246419175684,24,0.0373139269300476,0.0245207792682977,0.0124130456547642,-81.0840358371751,-0.000383666455009975,0.493774422136221,0.012597281914715,0.0243365430083468,59,34.5,24.5
"Cell 86",2,88,89,130,131,22,47,NA,NA,NA,NA,NA,NA,NA,NA,NA,NA,NA,NA,NA,NA,NA,NA,NA,NA,34.5,NA,NA
"Cell 87",2,90,91,132,133,22,47,NA,NA,NA,NA,NA,NA,NA,NA,NA,NA,NA,NA,NA,NA,NA,NA,NA,NA,34.5,NA,NA
"Cell 88",4,174,175,237,238,71,96,49,"Cell 86","Cell 88",22,47,221.4996,121.848764796968,99.6508352030319,0.899783432593397,25,0.019650263073324,0.0142968581089777,0.00509553847589772,-79.240464545236,0.00240452558579774,0.64359033033293,0.00531721703464418,0.0140751795502313,83.5,34.5,49
"Cell 89",3,166,167,219,220,47,71,50,"Cell 86","Cell 89",22,47,154.6636,25.9057186392831,128.757881360717,0.334994383155223,24,0.0328483096012575,0.0223885117406111,0.0102623162741102,263.231652556116,-0.0016287381328753,0.541625794826945,0.0105333773803466,0.0221174506343747,59,34.5,24.5
"Cell 90",4,176,177,239,240,71,96,51,"Cell 87","Cell 90",22,47,247.635149999999,178.271376481103,69.3637735188963,0.560209433264192,25,0.0191013141642937,0.0142444412354806,0.00415555242915362,-85.0093781528249,0.000390436223426335,0.708268484494652,0.00418621765466287,0.0142137760099713,83.5,34.5,49
"Cell 92",2,226,227,293,294,22,47,NA,NA,NA,NA,NA,NA,NA,NA,NA,NA,NA,NA,NA,NA,NA,NA,NA,NA,34.5,NA,NA
"Cell 93",2,96,97,138,139,22,47,NA,NA,NA,NA,NA,NA,NA,NA,NA,NA,NA,NA,NA,NA,NA,NA,NA,NA,34.5,NA,NA
"Cell 94",4,205,206,259,260,71,96,53,"Cell 67","Cell 94",22,47,326.687900000001,213.999795942961,112.68810405704,0.689882325345011,25,0.0171318395078987,0.0105950222098347,0.007382773761261,-29.1955055805903,0.000812717554087346,0.303184682859088,0.00974165458519058,0.00823614138590516,83.5,34.5,49
"Cell 95",4,207,208,261,262,71,96,54,"Cell 67","Cell 95",22,47,204.842049999999,148.74318059139,56.0988694086091,0.547728060802059,25,0.0209924786164406,0.0123219406263258,0.00817414568353863,-58.1886942784256,-0.000472972620901936,0.336618643813738,0.00920990974365747,0.011286176566207,83.5,34.5,49
"Cell 96",3,138,139,186,187,47,71,55,"Cell 93","Cell 96",22,47,196.34545,131.60655063786,64.7388993621398,0.659438753097052,24,0.0315115919262967,0.0222343577576827,0.0100619177246733,-86.4560092711381,-0.000143238307072019,0.547460833619243,0.0100728049106885,0.0222234705716675,59,34.5,24.5
"Cell 97",2,98,99,140,141,22,47,NA,NA,NA,NA,NA,NA,NA,NA,NA,NA,NA,NA,NA,NA,NA,NA,NA,NA,34.5,NA,NA
"Cell 98",3,148,149,194,195,47,71,56,"Cell 97","Cell 98",22,47,66.0275000000001,31.7792447676304,34.2482552323698,0.962606331229573,24,0.0454256656429379,0.027086297151133,0.0163605250217639,262.613468705312,-0.00194991921418741,0.395985175438439,0.0166356869843967,0.0268111351885003,59,34.5,24.5
"Cell 99",3,146,147,196,197,47,71,57,"Cell 97","Cell 99",22,47,102.459,44.7653415577238,57.6936584422763,0.873819607017904,24,0.0418029592823184,0.0270168627932145,0.0139480049159595,266.079311170836,0.000322894583692127,0.483729660889321,0.0140792261799377,0.0268856415292363,59,34.5,24.5
"Cell 100",3,150,151,198,199,47,71,58,"Cell 32","Cell 100",22,47,164.189199999999,79.7785361293082,84.4106638706911,0.971787865819537,24,0.0340913441123801,0.0243922301274939,0.00967174996277016,-84.7269925566046,-0.000745133470400865,0.603490541364294,0.00972483572263721,0.0243391443676268,59,34.5,24.5
"Cell 101",3,156,157,209,210,47,71,59,"Cell 32","Cell 101",22,47,138.8121,57.3789337683522,81.433166231648,0.826713719745643,24,0.0313204633614833,0.0212959344820396,0.00966110909138861,268.830701512274,-2.06020698313188e-05,0.546340213455459,0.0096929669594222,0.021264076614006,59,34.5,24.5
"Cell 102",3,162,163,215,216,47,71,60,"Cell 11","Cell 102",22,47,210.24675,84.964457915887,125.282292084113,0.808235636611619,24,0.0303150162023158,0.0218105160958371,0.00827215317347049,265.819094091673,-0.000721041424440389,0.620726390099069,0.00842062240081332,0.0216620468684942,59,34.5,24.5
"Cell 103",3,164,165,217,218,47,71,61,"Cell 11","Cell 103",22,47,263.4436,108.536820872976,154.906779127024,0.823985254323702,24,0.0359780437472644,0.0271448587492597,0.00824825107287716,-89.974869572238,0.00248989737893248,0.696139473442568,0.00826700038912741,0.0271261094330094,59,34.5,24.5
"Cell 104",3,158,159,211,212,47,71,62,"Cell 33","Cell 104",22,47,116.0173,61.0130159185644,55.0042840814354,0.948208311716192,24,0.0357919416107115,0.0254594518311666,0.00893556468773883,-86.8685208317149,-0.00122212971257733,0.649027608803414,0.00894408645286921,0.0254509300660362,59,34.5,24.5
"Cell 105",3,160,161,213,214,47,71,63,"Cell 33","Cell 105",22,47,121.28235,85.2258761464416,36.056473853558,0.594587322121614,24,0.0278668430461997,0.0194159831554147,0.00775836154969007,263.855484206415,-0.000360224175492998,0.600413664989897,0.00798274429022267,0.0191916004148821,59,34.5,24.5
"Cell 117",4,168,169,223,224,71,96,28,"Cell 59","Cell 59",47,71,186.3568,101.470298409793,84.8865015902071,0.911010508768204,25,0.0190202735214331,0.0136425915293549,0.00514813079766532,258.748747773702,-0.000395768768843614,0.622642751812365,0.00558328526512149,0.0132074370618988,83.5,59,24.5
"Cell 119",4,170,171,225,226,71,96,30,"Cell 61","Cell 61",47,71,145.8975,74.6301729252269,71.2673270747731,0.976950627320867,25,0.0169713975895397,0.00983441912217939,0.00660372883567373,16.1219612840025,0.000212174032072777,0.32850850125144,0.00963754198027659,0.00680060597757653,83.5,59,24.5
"Cell 135",4,203,204,257,258,71,96,10,"Cell 41","Cell 41",47,71,292.632900000001,168.826568973779,123.806331026223,0.846154557646952,25,0.0237404703234382,0.0147398313799625,0.00936016066281253,268.18195175673,0.000413516507358872,0.364975051509963,0.00938194244912398,0.0147180495936511,83.5,59,24.5
"Cell 137",4,213,214,267,268,71,96,34,"Cell 65","Cell 65",47,71,281.803900000001,114.423989352562,167.379910647439,0.81208236899888,25,0.0152748672319088,0.0104901744267157,0.00525096751486171,-3.60049427083945,-0.00172396050926535,0.499439446737047,0.0104432465474451,0.00529789539413235,83.5,59,24.5
"Cell 138",3,140,141,188,189,47,71,55,"Cell 96","Cell 96",47,71,85.9264000000003,12.1867039979028,73.7396960020975,0.28365447634028,24,0.0315115919262967,0.0222343577576827,0.0100619177246733,-86.4560092711381,-0.000143238307072019,0.547460833619243,0.0100728049106885,0.0222234705716675,59,59,0
"Cell 142",4,201,202,255,256,71,96,42,"Cell 77","Cell 77",47,71,277.874100000002,148.617034235757,129.257065764245,0.930328272870655,25,0.0143356404431428,0.011073825047317,0.00355464501267914,-76.1327546377349,-0.000625735763749117,0.679004770484399,0.00388165862536258,0.0107468114346336,83.5,59,24.5
"Cell 150",4,199,200,253,254,71,96,58,"Cell 100","Cell 100",47,71,180.810000000001,54.1109104345252,126.699089565476,0.598538913052652,25,0.018910088787261,0.0127583720237153,0.00603011399988372,-85.9003963932313,-0.00135383871396912,0.527360231487614,0.00604066397955901,0.0127478220440401,83.5,59,24.5
"Cell 159",5,459,460,570,571,96,122,62,"Cell 104","Cell 104",47,71,241.888500000001,94.0713080105375,147.817191989464,0.777807196377975,26,0.0163613142242777,0.0167388120557011,-0.00030974994307621,-78.88756739685,-0.000494190336532859,1.01850489401789,0.000133801580401564,0.0162952605322233,109,59,50
"Cell 160",5,461,462,572,573,96,122,63,"Cell 105","Cell 105",47,71,285.0526,163.743716826699,121.308883173301,0.851133321873233,26,0.0129404842665862,0.0131355193133644,-0.00100818450545115,-81.921701510076,-0.000436839798102914,1.07675254258318,-0.000840655252992715,0.012967990060906,109,59,50
"Cell 162",4,178,179,241,242,71,96,60,"Cell 102","Cell 102",47,71,175.8785,56.8382255462615,119.040274453738,0.646335118235164,25,0.0213617622963881,0.0172087398409523,0.00309339445920299,266.388780233875,-0.00294687863260566,0.82024282499515,0.0032203248132475,0.0170818094869078,83.5,59,24.5
"Cell 163",4,180,181,243,244,71,96,60,"Cell 102","Cell 102",47,71,259.337400000001,155.517865531628,103.819534468373,0.80065223502952,25,0.0207559442531941,0.0179737052087881,0.0025918394478231,264.305174167266,0.000257928919747964,0.855798266539064,0.00285564373528866,0.0177099009213226,83.5,59,24.5
"Cell 164",4,182,183,245,246,71,96,61,"Cell 103","Cell 103",47,71,257.382300000001,189.687746752975,67.694553247026,0.52602337648724,25,0.0238679537226801,0.0174155589300269,0.00562009476953165,-88.2642167626185,-0.00122059180185277,0.677294608108053,0.00562012680405466,0.0174155268955039,83.5,59,24.5
"Cell 165",4,484,485,247,605,71,96,61,"Cell 103","Cell 103",47,71,367.343199999999,226.763971784331,140.579228215668,0.765383587967156,25,0.017478046395455,0.0139072216415731,0.0040047069606708,260.913388223355,0.000931819880353559,0.712041192419091,0.00435987222887283,0.0135520563733711,83.5,59,24.5
"Cell 184",2,185,186,145,144,22,47,NA,NA,NA,NA,NA,NA,NA,NA,NA,NA,NA,NA,NA,NA,NA,NA,NA,NA,34.5,NA,NA
"Cell 185",3,191,192,207,208,47,71,64,"Cell 184","Cell 185",22,47,336.4046,194.173667808699,142.230932191301,0.845594454958708,24,0.0363657894996694,0.0236370332860683,0.0123472042896201,-87.3041698834588,0.00117134246084417,0.477633079406055,0.0123497810156468,0.0236344565600416,59,34.5,24.5
"Cell 186",2,187,188,146,147,22,47,NA,NA,NA,NA,NA,NA,NA,NA,NA,NA,NA,NA,NA,NA,NA,NA,NA,NA,34.5,NA,NA
"Cell 187",3,189,190,248,204,47,71,65,"Cell 186","Cell 187",22,47,174.30525,103.593543224105,70.7117067758955,0.811354870560645,24,0.0342980844349754,0.0227754894317422,0.0112352246374758,-88.243101017738,0.00161947388478355,0.506696676216441,0.0112352435285021,0.0227754705407159,59,34.5,24.5
"Cell 188",4,195,196,249,250,71,96,66,"Cell 186","Cell 188",22,47,397.02075,238.267184501419,158.753565498581,0.799724273850076,25,0.0159145336737319,0.015321546294921,0.00121851729867017,268.933027332395,-0.00209916973450785,0.920470344492964,0.00125454589735439,0.0152855176962368,83.5,34.5,49
"Cell 191",3,193,194,205,206,47,71,64,"Cell 185","Cell 185",47,71,135.60505,76.7165733579334,58.8884766420665,0.868529256721141,24,0.0363657894996694,0.0236370332860683,0.0123472042896201,-87.3041698834588,0.00117134246084417,0.477633079406055,0.0123497810156468,0.0236344565600416,59,59,0
"Cell 215",2,217,218,128,129,22,47,NA,NA,NA,NA,NA,NA,NA,NA,NA,NA,NA,NA,NA,NA,NA,NA,NA,NA,34.5,NA,NA
"Cell 216",3,253,254,221,222,47,71,67,"Cell 13","Cell 216",0,22,151.743199999999,74.3675686561188,77.3756313438803,0.980176622822232,24,0.0368344543831404,0.0234675762621305,0.0122084728035149,-78.9817200047638,0.00154504044653634,0.479772744012951,0.012495538691318,0.0231805103743274,59,11,48
"Cell 217",4,261,262,235,236,71,96,68,"Cell 215","Cell 217",22,47,439.106150000001,236.045405550292,203.060744449709,0.924882261155797,25,0.0179461879775532,0.0102279240344536,0.00746213333974452,-71.2066157195506,0.000688125237952088,0.270415646947735,0.00769756350066275,0.00999249387353533,83.5,34.5,49
"Cell 218",3,251,252,174,175,47,71,69,"Cell 215","Cell 218",22,47,138.5818,70.615449298723,67.9663507012769,0.980884224353803,24,0.0395559522985406,0.0233178497839974,0.0152883023819571,-86.5232724898911,0.0014616868278977,0.344351965400809,0.0152949315850444,0.0233112205809101,59,34.5,24.5
"Cell 220",2,221,222,274,275,22,47,NA,NA,NA,NA,NA,NA,NA,NA,NA,NA,NA,NA,NA,NA,NA,NA,NA,NA,34.5,NA,NA
"Cell 226",2,228,229,295,296,22,47,NA,NA,NA,NA,NA,NA,NA,NA,NA,NA,NA,NA,NA,NA,NA,NA,NA,NA,34.5,NA,NA
"Cell 227",2,230,231,297,298,22,47,NA,NA,NA,NA,NA,NA,NA,NA,NA,NA,NA,NA,NA,NA,NA,NA,NA,NA,34.5,NA,NA
"Cell 230",4,419,420,522,521,71,96,76,"Cell 227","Cell 230",22,47,172.3918,63.8014133126934,108.590386687306,0.740190813167372,25,0.0234990846117739,0.0135484935287468,0.0103228504006699,269.885482649461,-1.30979203204345e-05,0.238081312969061,0.0103265650661353,0.0135447788632814,83.5,34.5,49
"Cell 231",4,421,422,523,524,71,96,77,"Cell 227","Cell 231",22,47,259.1806,148.411508769086,110.769091230914,0.85476375338983,25,0.0207549385765791,0.0107094981739961,0.0102995022446154,-12.2670131270736,-0.00126203666996582,0.038283393182346,0.0106851750274992,0.0103238253911123,83.5,34.5,49
"Cell 233",3,235,236,308,309,47,71,79,NA,"Cell 233",NA,NA,88.1804000000002,39.8874319708091,48.2929680291911,0.904677954983398,24,0.0415504950574316,0.0228048395604289,0.0177678804679406,18.7743974300228,-0.00662482347660225,0.22087237575784,0.0223770137173507,0.0181957063110187,59,NA,NA
"Cell 234",3,237,238,310,311,47,71,80,NA,"Cell 234",NA,NA,94.0897999999997,32.1363817324781,61.9534182675216,0.683100224093965,24,0.0413200202784989,0.0256242978675012,0.0172667882103155,-15.1336739064996,-0.000748999125708404,0.326155655089591,0.024912831301202,0.0179782547766146,59,NA,NA
"Cell 238",4,239,240,313,312,71,96,80,"Cell 234","Cell 234",47,71,167.0116,46.2251784247445,120.786421575255,0.553556500563369,25,0.019159109393566,0.0138492760003874,0.00491124138873295,-73.4194213288761,-0.00306203161999883,0.645379196096924,0.00549065269280116,0.0132698646963192,83.5,59,24.5
"Cell 241",2,247,248,318,317,22,47,NA,NA,NA,NA,NA,NA,NA,NA,NA,NA,NA,NA,NA,NA,NA,NA,NA,NA,34.5,NA,NA
"Cell 242",2,243,244,283,284,22,47,NA,NA,NA,NA,NA,NA,NA,NA,NA,NA,NA,NA,NA,NA,NA,NA,NA,NA,34.5,NA,NA
"Cell 244",3,245,246,285,286,47,71,82,"Cell 242","Cell 244",22,47,139.0228,48.6563904413446,90.3664095586554,0.699977132403384,24,0.0376098021387804,0.0196088812822778,0.0179095095500717,-45.0423625627877,-0.00207638500792308,0.0866633699160546,0.0187036952775437,0.0188146955548058,59,34.5,24.5
"Cell 248",3,249,250,319,320,47,71,84,"Cell 241","Cell 248",22,47,119.300299999999,43.2529016888441,76.0473983111553,0.72510968855643,24,0.0437139132486862,0.0226463149033244,0.0207695438242914,-37.6744144682102,-0.00275364719545484,0.0828731335338577,0.0218868332127385,0.0215290255148773,59,34.5,24.5
"Cell 251",4,259,260,230,229,71,96,69,"Cell 218","Cell 218",47,71,182.471099999999,114.085683227847,68.3854167721516,0.749547920433999,25,0.0173854808991863,0.0127211494451485,0.00446149280260025,-88.7859947375944,0.00138446408102896,0.649285402876722,0.00446244811127139,0.0127201941364773,83.5,59,24.5
"Cell 252",4,257,258,231,232,71,96,69,"Cell 218","Cell 218",47,71,175.6258,65.7282365527384,109.897563447262,0.748503198877823,25,0.0195675263020031,0.0115320079535691,0.00708539171287718,42.6812220747711,-0.000857412014140283,0.385589071616597,0.00962957007950787,0.00898782958693843,83.5,59,24.5
"Cell 253",4,255,256,233,234,71,96,67,"Cell 216","Cell 216",47,71,180.0162,74.4174966344803,105.59870336552,0.826786662916783,25,0.0222041076459001,0.0136920533733298,0.00775606894312394,-86.0205109252703,-0.000134203803591009,0.433535005185442,0.0077644178805892,0.0136837044358646,83.5,59,24.5
"Cell 263",3,267,268,333,332,47,71,85,NA,"Cell 263",NA,NA,74.7936,47.1524869565218,27.6411130434782,0.739130434782607,24,0.0517152324866892,0.0330300122541609,0.0203177536243823,-16.3463898378847,-0.00306733412380976,0.384869933803226,0.0317929718029625,0.0215547940755807,59,NA,NA
"Cell 264",4,273,274,335,334,71,96,86,NA,"Cell 264",NA,NA,146.1376,76.4426437638828,69.6949562361174,0.953826479100756,25,0.0275780822908761,0.0152729842939265,0.010399240647585,23.214479578792,-0.00069406045636185,0.319108797111752,0.0146250267176631,0.0110471982238484,83.5,NA,NA
"Cell 265",3,275,276,340,341,47,71,87,NA,"Cell 265",NA,NA,66.4930000000001,34.6826374869215,31.8103625130786,0.956803348114195,24,0.045190070578772,0.0235695626561807,0.0206264043614491,22.8642395240398,-0.00567722465788697,0.124871145793611,0.0231904093566823,0.0210055576609475,59,NA,NA
"Cell 266",4,271,272,338,339,71,96,88,NA,"Cell 266",NA,NA,223.047999999999,129.391280675275,93.6567193247245,0.839789814970095,25,0.0180931428044357,0.0104065170674974,0.00784700379854203,-70.0786069971752,0.00209994181193562,0.245952920881617,0.00809381516393883,0.0101597057021006,83.5,NA,NA
"Cell 267",4,269,270,336,337,71,96,85,"Cell 263","Cell 263",47,71,163.1308,99.4113985471513,63.7194014528491,0.781206264578473,25,0.0235744284851345,0.012857296370332,0.0109116528513067,248.596882843998,-0.000461617323128825,0.151326022437723,0.0112144176156912,0.0125545316059475,83.5,59,24.5
"Cell 277",3,284,285,352,351,47,71,89,NA,"Cell 277",NA,NA,105.7028,49.0163392797229,56.6864607202769,0.927436913302637,24,0.0397734363283605,0.0214946231272576,0.0180012492930055,225.502049762679,-0.00345753354449732,0.162523148862385,0.0198288860227422,0.0196669863975209,59,NA,NA
"Cell 278",3,280,281,349,350,47,71,90,NA,"Cell 278",NA,NA,64.0283000000003,37.2519931451617,26.7763068548386,0.836389748121956,24,0.0424662550368404,0.0241080484994533,0.0174169354925746,266.933923604843,-0.000239363926267212,0.27754685357591,0.0174656803143884,0.0240593036776395,59,NA,NA
"Cell 279",3,282,283,347,348,47,71,91,NA,"Cell 279",NA,NA,66.9143999999999,22.6839293729944,44.2304706270055,0.677998438990545,24,0.0507147681840305,0.0266950519624142,0.0228191670151631,35.9060303234695,-0.00287088288790041,0.145191137020756,0.0254783171591514,0.0240359018184259,59,NA,NA
"Cell 286",3,291,292,364,363,47,71,92,NA,"Cell 286",NA,NA,157.3684,85.6862630467572,71.6821369532429,0.911010558069382,24,0.0414526119201018,0.0235335131352113,0.0172770903887972,264.710851470674,-0.00111538616174852,0.265851626591746,0.0173731909094604,0.023437412614548,59,NA,NA
"Cell 287",3,293,294,367,368,47,71,93,NA,"Cell 287",NA,NA,69.3643999999999,36.4087867462038,32.955613253796,0.950216919739696,24,0.0398971181752168,0.0232274092805496,0.0167163261363992,-74.9674227057962,-0.00110777753335037,0.280318957035072,0.0170559606886406,0.0228877747283081,59,NA,NA
"Cell 288",3,289,290,361,362,47,71,94,NA,"Cell 288",NA,NA,74.7446,30.1554928962489,44.5891071037511,0.806894221020618,24,0.0445024921157593,0.0248218292917516,0.0187019202386083,254.254657732768,-0.000604231243007329,0.24655350664171,0.019259943917006,0.0242638056133539,59,NA,NA
"Cell 291",4,295,296,365,366,71,96,92,"Cell 286","Cell 286",47,71,231.7259,156.141748775096,75.5841512249036,0.652358249335992,25,0.00993021516942175,0.00762201581576057,0.00406523944415392,256.889092975701,0.000832481310830347,0.466645105124561,0.00430167374617458,0.00738558151373991,83.5,59,24.5
"Cell 297",3,301,302,375,376,47,71,95,NA,"Cell 297",NA,NA,83.8096000000002,36.0992322631663,47.7103677368339,0.861458168590859,24,0.0451801236030679,0.0254399658918705,0.0203549561068408,34.9267506398875,-0.00154388089134126,0.199882728091812,0.0239237574272945,0.0218711645714167,59,NA,NA
"Cell 298",3,299,300,373,374,47,71,96,NA,"Cell 298",NA,NA,57.1536000000002,21.7249952158043,35.4286047841959,0.760231908954264,24,0.0576853909053328,0.0342120528835785,0.0227815605822009,8.17069903923989,-0.00234443063774579,0.334107173874509,0.034072643419742,0.0229209700460374,59,NA,NA
"Cell 299",4,309,310,384,383,71,96,96,"Cell 298","Cell 298",47,71,86.7398000000001,59.340501266439,27.3992987335611,0.631758402338052,25,0.0247285293091951,0.0122877235314183,0.0112082524196074,-54.0456691905231,0.00134886563735935,0.0878495605024667,0.011547969644654,0.0119480063063717,83.5,59,24.5
"Cell 300",3,303,304,377,378,47,71,96,"Cell 298","Cell 298",47,71,14.6706,8.22565926285163,6.44494073714841,0.878619925176665,24,0.0576853909053328,0.0342120528835785,0.0227815605822009,8.17069903923989,-0.00234443063774579,0.334107173874509,0.034072643419742,0.0229209700460374,59,59,0
"Cell 301",4,307,308,381,382,71,96,95,"Cell 297","Cell 297",47,71,106.7612,37.6534562908532,69.1077437091468,0.705377164941069,25,0.0261742387771812,0.0143629583156744,0.0122309733129938,-26.3050695800603,0.000667104799809843,0.148436342696478,0.0138888815764621,0.0127050500522061,83.5,59,24.5
"Cell 302",3,305,306,379,380,47,71,95,"Cell 297","Cell 297",47,71,32.3399999999999,18.4138991526601,13.9261008473398,0.861230726489787,24,0.0451801236030679,0.0254399658918705,0.0203549561068408,34.9267506398875,-0.00154388089134126,0.199882728091812,0.0239237574272945,0.0218711645714167,59,59,0
"Cell 311",3,313,314,392,391,47,71,97,NA,"Cell 311",NA,NA,58.3393999999997,27.123626120498,31.2157738795017,0.929856190516122,24,0.0578304521252204,0.0364045889227386,0.0198018516605015,-8.84863170839661,-0.00303203191144781,0.45606166017897,0.0358344932932801,0.0203719472899599,59,NA,NA
"Cell 312",3,315,316,393,394,47,71,98,NA,"Cell 312",NA,NA,92.7863999999996,41.256881505826,51.5295184941737,0.889287255585433,24,0.0482238044964035,0.0270916519119188,0.0214915858168496,5.43815266571937,-0.00423726201152309,0.206708181297928,0.0270694753552943,0.0215137623734741,59,NA,NA
"Cell 313",4,319,320,397,398,71,96,97,"Cell 311","Cell 311",47,71,108.6722,41.9193751903553,66.7528248096452,0.771482958665696,25,0.0275197478031932,0.0168507451484754,0.0100335743295819,265.649010583293,0.000673697407116956,0.404561979830925,0.0101126091153757,0.0167717103626816,83.5,59,24.5
"Cell 314",4,321,322,399,400,71,96,97,"Cell 311","Cell 311",47,71,125.0676,64.6633511244381,60.4042488755623,0.965945598629255,25,0.0241564329190682,0.0141843949154017,0.010601797888994,-40.6891697456748,0.00168800267433169,0.252573130385535,0.0125480114310014,0.0122381813733943,83.5,59,24.5
"Cell 315",3,317,318,395,396,47,71,98,"Cell 312","Cell 312",47,71,12.7792000000002,5.50705856353597,7.2721414364642,0.861878453038672,24,0.0482238044964035,0.0270916519119188,0.0214915858168496,5.43815266571937,-0.00423726201152309,0.206708181297928,0.0270694753552943,0.0215137623734741,59,59,0
"Cell 316",4,323,324,401,402,71,96,98,"Cell 312","Cell 312",47,71,163.9442,37.1574176775547,126.786782322445,0.453293470309468,25,0.0252387613328722,0.0146065629909037,0.0114240272002633,-80.198056435563,8.41501786809469e-05,0.217883960287049,0.0114852382603879,0.0145453519307791,83.5,59,24.5
"Cell 325",3,329,330,408,409,47,71,99,NA,"Cell 325",NA,NA,66.9830000000001,15.8777103412347,51.1052896587654,0.474081792133367,24,0.0430247232615365,0.0259585422946013,0.0169519048623787,236.868268034232,-0.00679799657646564,0.346962372925531,0.0199093768044991,0.0230010703524809,59,NA,NA
"Cell 326",3,327,328,406,407,47,71,100,NA,"Cell 326",NA,NA,68.6392000000001,38.1150071121531,30.524192887847,0.889409925752252,24,0.0446906951847448,0.0264449169987774,0.0174460328921833,229.211021086607,-0.00366787959611649,0.340287855961513,0.021571973963371,0.0223189759275897,59,NA,NA
"Cell 327",4,331,332,410,411,71,96,100,"Cell 326","Cell 326",47,71,111.4064,59.8870576234865,51.5193423765132,0.924890174649093,25,0.0198360518539495,0.0128305942526796,0.00701355739511097,-76.4617698605395,0.00221079417903707,0.453372364756508,0.00725309324796406,0.0125910583998265,83.5,59,24.5
"Cell 330",4,333,334,413,412,71,96,99,"Cell 325","Cell 325",47,71,143.521000000001,81.5838106233749,61.9371893766259,0.863109780124519,25,0.0219913470678029,0.0123705218552653,0.00936126361345202,225.740797537481,0.00205326835395259,0.243260411890582,0.0109230962470376,0.0108086892216797,83.5,59,24.5
"Cell 335",3,337,338,420,419,47,71,101,NA,"Cell 335",NA,NA,128.546600000001,55.1538436522067,73.3927563477943,0.858114390457721,24,0.0439265797980128,0.0236277614401694,0.0192872830522365,-63.613294012733,-0.000171231491114803,0.18370248061476,0.0200369503254326,0.0228780941669733,59,NA,NA
"Cell 336",3,339,340,422,421,47,71,102,NA,"Cell 336",NA,NA,146.755,78.7501417762149,68.0048582237846,0.926780800978295,24,0.040150843930947,0.0222555110914471,0.0170709510047264,264.02448701559,-0.000648682803309586,0.23295623566754,0.0171665831507615,0.022159878945412,59,NA,NA
"Cell 337",4,345,346,427,428,71,96,101,"Cell 335","Cell 335",47,71,158.2798,92.9813789237514,65.2984210762484,0.825101131998505,25,0.0239836308507805,0.0156118052534714,0.00841607288347255,263.704577202591,0.00290147046478336,0.460916098629837,0.00855983024316766,0.0154680478937763,83.5,59,24.5
"Cell 338",3,343,344,425,426,47,71,101,"Cell 335","Cell 335",47,71,48.9412000000005,25.5158266331661,23.4253733668345,0.957286432160805,24,0.0439265797980128,0.0236277614401694,0.0192872830522365,-63.613294012733,-0.000171231491114803,0.18370248061476,0.0200369503254326,0.0228780941669733,59,59,0
"Cell 339",3,341,342,423,424,47,71,102,"Cell 336","Cell 336",47,71,15.6505999999998,5.57723988035887,10.073360119641,0.712718985899446,24,0.040150843930947,0.0222555110914471,0.0170709510047264,264.02448701559,-0.000648682803309586,0.23295623566754,0.0171665831507615,0.022159878945412,59,59,0
"Cell 340",4,347,348,429,430,71,96,102,"Cell 336","Cell 336",47,71,178.2522,123.929202119397,54.3229978806033,0.609507180058404,25,0.0240897910922224,0.0155116250021206,0.00918471250174312,267.090615300985,0.000912324084996479,0.407881991700582,0.00922790788404143,0.0154684296198223,83.5,59,24.5
"Cell 342",5,349,350,431,432,96,122,102,"Cell 339","Cell 336",47,71,232.436399999999,110.364365225279,122.07203477472,0.949630653591947,26,0.0257255580797039,0.0165120161868958,0.00972972187496486,231.807321891539,-0.00215157628057237,0.410749010609223,0.0125346703525364,0.0137070677093242,109,59,50
"Cell 351",3,353,354,440,439,47,71,103,NA,"Cell 351",NA,NA,122.3726,71.7060611906716,50.6665388093287,0.82806998967626,24,0.0461255145289061,0.0247406932848611,0.0208159105156865,9.13876392458962,-0.00255300695427625,0.158636733578364,0.0246771781776097,0.0208794256229379,59,NA,NA
"Cell 352",3,359,360,445,446,47,71,104,NA,"Cell 352",NA,NA,95.4029999999998,44.2891813272104,51.1138186727895,0.928465170428822,24,0.048155844410676,0.0291244947611133,0.018463134838224,43.7340634544037,-0.00581441647394772,0.366061626487827,0.024368811124112,0.0232188184752253,59,NA,NA
"Cell 353",3,355,356,441,442,47,71,103,"Cell 351","Cell 351",47,71,45.5700000000004,28.5203641127578,17.0496358872426,0.748283339356701,24,0.0461255145289061,0.0247406932848611,0.0208159105156865,9.13876392458962,-0.00255300695427625,0.158636733578364,0.0246771781776097,0.0208794256229379,59,59,0
"Cell 354",3,357,358,444,443,47,71,103,"Cell 351","Cell 351",47,71,24.206,10.1274895467042,14.0785104532958,0.836775142254332,24,0.0461255145289061,0.0247406932848611,0.0208159105156865,9.13876392458962,-0.00255300695427625,0.158636733578364,0.0246771781776097,0.0208794256229379,59,59,0
"Cell 358",4,365,366,449,450,71,96,103,"Cell 354","Cell 351",47,71,89.1506000000001,37.3164232314836,51.8341767685165,0.837154729894887,25,0.0324113065016576,0.0182570270992229,0.0141621693058263,233.322566073514,-0.000366977757286332,0.224289407642438,0.015749558917309,0.0166696374877401,83.5,59,24.5
"Cell 359",4,363,364,451,452,71,96,104,"Cell 352","Cell 352",47,71,140.678999999999,71.9030851146369,68.7759148853625,0.97777088101796,25,0.0234153723155231,0.0144238744403845,0.00877292999942139,-60.4302706019409,0.00231539219691252,0.391777151438685,0.00999718572421295,0.0131996187155929,83.5,59,24.5
"Cell 360",3,361,362,447,448,47,71,104,"Cell 352","Cell 352",47,71,17.2773999999998,9.02195855616583,8.255441443834,0.955634695478959,24,0.048155844410676,0.0291244947611133,0.018463134838224,43.7340634544037,-0.00581441647394772,0.366061626487827,0.024368811124112,0.0232188184752253,59,59,0
"Cell 367",4,379,380,470,471,71,96,105,NA,"Cell 367",NA,NA,218.020600000001,116.975789026884,101.044810973116,0.926929023891467,25,0.0235647715878401,0.0143058397063154,0.00862651038453898,-74.1274296680446,0.0015704840651934,0.396993775854293,0.00896087417459327,0.0139714759162611,83.5,NA,NA
"Cell 368",3,369,370,458,457,47,71,106,NA,"Cell 368",NA,NA,130.9525,67.7362046521711,63.2162953478293,0.965484360326518,24,0.0396507560511907,0.023289063797569,0.0154369349057405,268.667199129902,-0.00147784155451713,0.337159490827114,0.0154608405836365,0.023265158119673,59,NA,NA
"Cell 369",4,383,384,473,472,71,96,106,"Cell 368","Cell 368",47,71,175.4298,88.9293899839825,86.5004100160176,0.986154119950175,25,0.018029401894243,0.0156604137528651,0.00244490556692699,259.970146936605,0.00165850059324274,0.843879886859331,0.00300311932330699,0.0151021999964851,83.5,59,24.5
"Cell 370",4,385,386,474,475,71,96,106,"Cell 368","Cell 368",47,71,163.7237,80.2246831142135,83.4990168857862,0.98000085649437,25,0.0133936777799122,0.0124691161570265,0.000856843902433596,-82.2864958926385,-0.000113166516329573,0.931282707479571,0.000978851484577911,0.0123471085748822,83.5,59,24.5
"Cell 371",3,373,374,465,464,47,71,107,NA,"Cell 371",NA,NA,55.5954000000002,29.1464558394854,26.4489441605149,0.951479588617575,24,0.0428078470210784,0.0277808500636404,0.0145402557510104,39.58293090378,-0.00537439453792072,0.476608681242597,0.0228175331728678,0.019503572641783,59,NA,NA
"Cell 372",3,375,376,463,462,47,71,108,NA,"Cell 372",NA,NA,81.2713999999996,43.096927458544,38.1744725414556,0.939431892189769,24,0.0365986910149875,0.0220058854712323,0.0140445811095415,252.834033130604,-0.00365118763061823,0.361780686902985,0.0148881091528359,0.0211623574279379,59,NA,NA
"Cell 374",5,387,388,476,477,96,122,107,"Cell 371","Cell 371",47,71,143.687600000001,82.9223480646976,60.7652519353035,0.84579674147669,26,0.0321447562280415,0.0160698574495282,0.0156572417673934,28.2329797853322,-0.000380892846274022,0.025676374755076,0.0159882672321345,0.0157388319847871,109,59,50
"Cell 375",4,377,378,467,466,71,96,108,"Cell 372","Cell 372",47,71,103.733000000001,76.0035358926507,27.7294641073499,0.534631488674766,25,0.0250961990048511,0.0154282755409261,0.00962776522854949,267.032843914128,0.00103612471545645,0.375966211971636,0.00966833576128468,0.0153877050081909,83.5,59,24.5
"Cell 376",4,381,382,468,469,71,96,108,"Cell 372","Cell 372",47,71,91.8848000000003,44.93874011209,46.9460598879103,0.978153951732819,25,0.0249298931169621,0.015020767251197,0.00989022475141386,-76.9619974083408,0.0021441607260136,0.34156327795934,0.0100840507889545,0.0148269412136564,83.5,59,24.5
"Cell 389",3,391,392,483,484,47,71,109,NA,"Cell 389",NA,NA,136.2788,62.0110141706426,74.2677858293572,0.910061053819709,24,0.0429491499770673,0.0259958906015325,0.0166331658298313,-86.5472646753521,-0.000207760046285443,0.360161723836046,0.0166406721359113,0.0259883842954525,59,NA,NA
"Cell 390",3,393,394,485,486,47,71,110,NA,"Cell 390",NA,NA,188.7823,97.8935985343084,90.8887014656917,0.962894312291901,24,0.0405531344406531,0.0222865935925294,0.0182873901392988,-79.8967707788426,0.000676065721941755,0.179444356833927,0.0183701913112204,0.0222037924206078,59,NA,NA
"Cell 391",4,395,396,488,487,71,96,109,"Cell 389","Cell 389",47,71,173.8324,95.9822817233224,77.8501182766772,0.895691692419564,25,0.0175463430149262,0.0159023331786591,0.00187704843716673,-86.6686742329649,0.00258673688379017,0.881963959874409,0.00188667337700539,0.0158927082388204,83.5,59,24.5
"Cell 392",4,397,398,489,490,71,96,109,"Cell 389","Cell 389",47,71,208.191200000001,155.011957742776,53.1792422572248,0.510869261114059,25,0.0208111977284762,0.0137106100363414,0.00685534166119882,-80.9998415276512,-0.00011904342445168,0.499997327396225,0.00696213486886158,0.0136038168286786,83.5,59,24.5
"Cell 399",4,401,402,497,498,71,96,111,NA,"Cell 399",NA,NA,420.439599999997,224.865261874647,195.57433812535,0.930332623879156,25,0.0166639582157801,0.0162943312517637,0.000428824436556664,266.280919518752,0.000322606539898548,0.973682599799225,0.000577187058294126,0.0161459686300262,83.5,NA,NA
"Cell 400",4,403,404,499,500,71,96,112,NA,"Cell 400",NA,NA,329.9562,183.131459559729,146.824740440271,0.889965034391057,25,0.0237173899680314,0.0172633857382346,0.0063021281569572,260.356373405352,-0.000428451821205101,0.634942516345483,0.00673585757990467,0.0168296563152871,83.5,NA,NA
"Cell 405",3,406,407,503,502,47,71,113,NA,"Cell 405",NA,NA,101.2585,57.0099083555875,44.2485916444126,0.873972884141332,24,0.0264034695350585,0.0225812226999603,0.00292699276437586,-89.2965070496217,0.00489016956155989,0.8703793499906,0.00293459219501336,0.0225736232693228,59,NA,NA
"Cell 410",3,415,416,517,518,47,71,116,NA,"Cell 410",NA,NA,101.381,59.8723205543684,41.5086794456317,0.818865062400876,24,0.0429583080808567,0.0229667576325339,0.019929698115122,-52.6356002228886,0.00272073229333742,0.132237191074359,0.0209555570705574,0.0219408986770985,59,NA,NA
"Cell 411",3,413,414,515,516,47,71,117,NA,"Cell 411",NA,NA,146.3385,67.2462470848486,79.0922529151509,0.919050654268683,24,0.0410625789703303,0.02158708918392,0.0192760438563266,-27.9583785965901,0.00294211606696768,0.107056829566204,0.0210166971133713,0.0198464359268753,59,NA,NA
"Cell 414",4,417,418,519,520,71,96,117,"Cell 411","Cell 411",47,71,211.900499999999,103.506737212106,108.393762787894,0.976937168266295,25,0.0155980996355814,0.0111543320991693,0.00486886192402514,-7.0885794597092,0.000382723875935086,0.563500361945674,0.0110032568568026,0.00501993716639177,83.5,59,24.5
"Cell 423",3,425,426,532,533,47,71,119,NA,"Cell 423",NA,NA,124.4159,77.0511989498365,47.3647010501638,0.761393054266596,24,0.0368051855421953,0.0237324297544249,0.012361883182245,-75.4995536756246,0.00113703842820862,0.479114304343823,0.0129089180199243,0.0231853949167457,59,NA,NA
"Cell 424",3,427,428,530,531,47,71,120,NA,"Cell 424",NA,NA,120.62575,52.6440854306217,67.9816645693784,0.872849875430771,24,0.0417374011171621,0.0246683136230163,0.0160410781104443,-81.9254926354212,-0.000213335867948097,0.349729440139861,0.0161431424552197,0.0245662492782409,59,NA,NA
"Cell 425",4,431,432,536,537,71,96,119,"Cell 423","Cell 423",47,71,186.3813,122.816352826863,63.5649471731369,0.682095759318525,25,0.0212375618243448,0.0128077364295757,0.00901743283776189,-42.8881443128513,0.000797205645455503,0.295938600287027,0.0109312164158934,0.0108939528514442,83.5,59,24.5
"Cell 427",4,433,434,538,539,71,96,120,"Cell 424","Cell 424",47,71,143.3446,78.9268808148741,64.4177191851255,0.898781247219995,25,0.0261195761779549,0.0147313484275696,0.010841827095379,-66.052270123221,-3.75681471491689e-05,0.26403023126596,0.0113931978475527,0.0141799776753959,83.5,59,24.5
"Cell 428",3,429,430,534,535,47,71,120,"Cell 424","Cell 424",47,71,27.1215000000001,7.86858776504229,19.2529122349578,0.580247240384364,24,0.0417374011171621,0.0246683136230163,0.0160410781104443,-81.9254926354212,-0.000213335867948097,0.349729440139861,0.0161431424552197,0.0245662492782409,59,59,0
"Cell 435",3,441,442,552,553,47,71,121,NA,"Cell 435",NA,NA,150.234,93.6994686087397,56.5345313912608,0.752619665205754,24,0.0359579338427845,0.02389027862606,0.011184186004788,-84.6005788864083,-0.000983042242861341,0.531852006422892,0.0112334296812534,0.0238410349495946,59,NA,NA
"Cell 436",3,439,440,556,557,47,71,122,NA,"Cell 436",NA,NA,115.3754,47.2452485423729,68.130151457627,0.818983050847459,24,0.0382742287187384,0.0253403002831346,0.0130568849988925,-71.6231107669165,0.00445694976423746,0.484738347493751,0.014053180973299,0.0243440043087281,59,NA,NA
"Cell 437",3,443,444,554,555,47,71,123,NA,"Cell 437",NA,NA,69.188,24.5040077596601,44.6839922403398,0.708331148744295,24,0.0414095279537125,0.0224264932948297,0.0177899674606794,-59.3551577938041,0.00141850865390614,0.206743237705343,0.0188670432070373,0.0213494175484718,59,NA,NA
"Cell 438",3,445,446,550,551,47,71,124,NA,"Cell 438",NA,NA,162.62855,47.2853101433596,115.34323985664,0.581513026382633,24,0.0344047085524579,0.0230872579503427,0.011424329224633,-71.4860579057499,0.00344317558943044,0.505167341691031,0.0123855864294736,0.0221260007455021,59,NA,NA
"Cell 439",4,447,448,558,559,71,96,122,"Cell 436","Cell 436",47,71,118.384000000001,48.4077926141534,69.9762073858475,0.817809714389665,25,0.023957826299667,0.0125753321837784,0.0115598652328321,240.643516753865,-0.000172997735744463,0.0807507059142525,0.0118321587558738,0.0123030386607367,83.5,59,24.5
"Cell 440",4,449,450,560,561,71,96,122,"Cell 436","Cell 436",47,71,170.716000000001,101.189091877497,69.5269081225033,0.814533003614225,25,0.02374804078564,0.0143363963355469,0.00961721108926464,-64.5222082802355,-3.81641956418203e-06,0.329175138286397,0.0103764770535583,0.0135771303712532,83.5,59,24.5
"Cell 441",4,451,452,562,563,71,96,121,"Cell 435","Cell 435",47,71,222.09005,121.52848180445,100.56156819555,0.905592737680507,25,0.0169139849287714,0.00887831151586863,0.00810530662105795,-29.8580078024094,-0.00115563689039219,0.0870666560222682,0.00866501122541478,0.0083186069115118,83.5,59,24.5
"Cell 442",4,453,454,564,565,71,96,121,"Cell 435","Cell 435",47,71,134.0003,48.554310262778,85.4459897372216,0.724689575512564,25,0.02566314531539,0.0163577078761347,0.00894745298131328,-78.6334468602391,-0.000257570421775135,0.453013035257386,0.00915084690469663,0.0161543139527514,83.5,59,24.5
"Cell 445",4,455,456,566,567,71,96,124,"Cell 438","Cell 438",47,71,107.9764,61.8276519736847,46.1487480263158,0.854793233082703,25,0.0336223568886755,0.017661979819605,0.0145715774027175,-49.7075726576196,-0.000420291822943461,0.174974858337066,0.0157671988309441,0.0164663583913784,83.5,59,24.5
"Cell 446",4,457,458,568,569,71,96,124,"Cell 438","Cell 438",47,71,263.38725,143.88802047055,119.499229529449,0.907403297080247,25,0.0244768352800298,0.0153887189846174,0.0091964034974928,-76.982156145153,0.00331208601543948,0.40239317472198,0.00942951203564359,0.0151556104464666,83.5,59,24.5
"Cell 463",3,464,465,577,576,47,71,125,NA,"Cell 463",NA,NA,109.613,47.4793677269467,62.133632273053,0.866309064197619,24,0.0400814725210144,0.0228243296210714,0.0181944535828839,-8.07076885887499,0.00591106247680341,0.202848281419544,0.0226874455935739,0.0183313376103815,59,NA,NA
"Cell 465",4,466,467,578,579,71,96,125,"Cell 463","Cell 463",47,71,162.591799999999,97.3695334398437,65.2222665601555,0.802282360612969,25,0.0245769839385975,0.0148972079907989,0.0100579400180772,-31.0657963386257,-0.00273593180357052,0.324843955707045,0.0134697457118434,0.0114854022970328,83.5,59,24.5
"Cell 468",4,472,473,586,587,71,96,126,NA,"Cell 468",NA,NA,175.8904,56.4456935914985,119.444706408501,0.641828020079534,25,0.0214426838884867,0.0119324838124235,0.00950246186117925,17.1407922008648,0.000799077796741618,0.203647621856756,0.0117630552149918,0.00967189045861096,83.5,NA,NA
"Cell 469",3,470,471,584,585,47,71,127,NA,"Cell 469",NA,NA,88.0431999999998,44.8240664754327,43.2191335245672,0.981771074303688,24,0.0365790014768695,0.0247850347536763,0.011122709543205,-58.9230525825438,0.00454537769106789,0.551232844587593,0.0143839370986816,0.0215238071981997,59,NA,NA
"Cell 474",3,479,480,599,600,47,71,128,NA,"Cell 474",NA,NA,205.114,108.516883531338,96.5971164686624,0.941887111251912,24,0.0340137701445768,0.0234654416502456,0.0103562295479789,260.03464132771,-0.00145655319628869,0.558660360953807,0.0109040326604109,0.0229176385378136,59,NA,NA
"Cell 475",3,481,482,601,602,47,71,129,NA,"Cell 475",NA,NA,221.1664,138.291085530959,82.8753144690411,0.749438562720568,24,0.0355646404642379,0.0221909304311192,0.0131135795361439,-88.3862982096166,0.00108280921986277,0.409056795664852,0.0131137091473376,0.0221908008199256,59,NA,NA
"Cell 476",3,477,478,597,598,47,71,130,NA,"Cell 476",NA,NA,162.3811,84.391799689396,77.989300310604,0.960571154039528,24,0.0413983878226692,0.0262405793425787,0.0149285834087366,264.72720793868,-0.000209069020833647,0.431087888196391,0.0151015456541983,0.0260676170971169,59,NA,NA
"Cell 477",4,496,497,616,617,71,96,130,"Cell 476","Cell 476",47,71,227.9284,78.7599889588514,149.168411041149,0.691094123934106,25,0.024618300900481,0.017710447371121,0.00676373420381007,260.365183466172,0.000111115415277795,0.618093543202125,0.00719623208306921,0.0172779494918619,83.5,59,24.5
"Cell 478",4,494,495,614,615,71,96,130,"Cell 476","Cell 476",47,71,210.6363,110.201426479096,100.434873520904,0.953633096678059,25,0.0348291740219163,0.024117536303144,0.00985397316901207,-84.9766573978309,0.00286256347798158,0.591418748368279,0.00989822876763135,0.0240732807045248,83.5,59,24.5
"Cell 479",4,490,491,606,607,71,96,128,"Cell 474","Cell 474",47,71,245.4851,109.496790922447,135.988309077553,0.892085026117243,25,0.0315579597237476,0.0250961951425663,0.00561285885728554,-82.8312103416279,0.00444074213466465,0.776346221991021,0.00578151923642791,0.0249275347634239,83.5,59,24.5
"Cell 480",4,488,489,613,612,71,96,128,"Cell 474","Cell 474",47,71,218.520399999999,86.2654881992768,132.254911800722,0.789541737972997,25,0.0343211599702342,0.0284722185732528,0.00552958053359107,-86.3231113280518,0.00296671280382107,0.805790317345146,0.00555340550995144,0.0284483935968924,83.5,59,24.5
"Cell 481",4,492,493,608,609,71,96,129,"Cell 475","Cell 475",47,71,324.703399999999,184.094265428863,140.609134571136,0.866077377515211,25,0.0284870177690129,0.024157146860498,0.00424403784153776,262.939993099298,-0.000764876464218092,0.82431543484642,0.00471962483069884,0.0236815598713369,83.5,59,24.5
"Cell 482",4,486,487,611,610,71,96,129,"Cell 475","Cell 475",47,71,194.588800000001,79.032485022119,115.556314977882,0.812302506846424,25,0.0348636681640384,0.0273979232772822,0.00666009144671214,266.087224246531,6.89692175599737e-05,0.756912544819244,0.0068677443298742,0.0271902703941202,83.5,59,24.5
"Cell 483",3,498,499,604,618,47,71,131,NA,"Cell 483",NA,NA,76.7045999999999,39.1043058823528,37.6002941176471,0.980392156862748,24,0.0419477404248701,0.030069717708518,0.0116406553598108,252.432798024157,-0.0058256992572396,0.612877797103053,0.0136734300798455,0.0280369429884834,59,NA,NA
"Cell 500",3,504,505,622,623,47,71,132,NA,"Cell 500",NA,NA,30.6054000000001,7.49186290917299,23.1135370908271,0.489577846339076,24,0.0603392727936846,0.0374230211929341,0.021988325209944,-8.77726104460985,-0.00112867818217166,0.412438533581151,0.0369000128049007,0.0225113335979774,59,NA,NA
"Cell 501",3,502,503,624,625,47,71,133,NA,"Cell 501",NA,NA,57.379,32.5230951156812,24.8559048843188,0.866376370599655,24,0.0491811819040516,0.0291418897869686,0.0199903435211957,26.0424147722922,-0.00446318121979194,0.31403407029098,0.0276026338083293,0.021529599499835,59,NA,NA
"Cell 503",4,506,507,626,627,71,96,133,"Cell 501","Cell 501",47,71,80.9186000000002,39.8638043173941,41.0547956826061,0.985281611827046,25,0.0246376587433432,0.0146215998457838,0.00992041501489412,-39.2223978331616,0.000213748119423837,0.321523286129686,0.0125938719565239,0.011948142904154,83.5,59,24.5
